-- phpMyAdmin SQL Dump
-- version 4.4.14
-- http://www.phpmyadmin.net
--
-- Host: 127.0.0.1
-- Generation Time: 16 Okt 2019 pada 11.06
-- Versi Server: 5.6.26
-- PHP Version: 5.6.12

SET SQL_MODE = "NO_AUTO_VALUE_ON_ZERO";
SET time_zone = "+00:00";


/*!40101 SET @OLD_CHARACTER_SET_CLIENT=@@CHARACTER_SET_CLIENT */;
/*!40101 SET @OLD_CHARACTER_SET_RESULTS=@@CHARACTER_SET_RESULTS */;
/*!40101 SET @OLD_COLLATION_CONNECTION=@@COLLATION_CONNECTION */;
/*!40101 SET NAMES utf8mb4 */;

--
-- Database: `nkit_ikm`
--

-- --------------------------------------------------------

--
-- Struktur dari tabel `taspek`
--

CREATE TABLE IF NOT EXISTS `taspek` (
  `id_aspek` int(11) NOT NULL,
  `nama_aspek` varchar(100) NOT NULL
) ENGINE=InnoDB AUTO_INCREMENT=15 DEFAULT CHARSET=latin1;

--
-- Dumping data untuk tabel `taspek`
--

INSERT INTO `taspek` (`id_aspek`, `nama_aspek`) VALUES
(1, 'Prosedur Pelayanan'),
(2, 'Persyaratan Pelayanan'),
(3, 'Kejelasan Petugas Pelayanan'),
(4, 'Kedisiplinan Petugas Pelayanan'),
(5, 'Tanggung Jawab Petugas Pelayanan'),
(6, 'Kemampuan Petugas Pelayanan'),
(7, 'Kecepatan Pelayanan'),
(8, 'Keadilan Mendapatkan Pelayanan'),
(9, 'Kesopanan dan Keramahan Petugas'),
(10, 'Kewajaran Biaya Pelayanan'),
(11, 'Kepastian Biaya Pelayanan'),
(12, 'Kepastian Jadwal Pelayanan'),
(13, 'Kenyamanan Lingkungan'),
(14, 'Keamanan Pelayanan');

-- --------------------------------------------------------

--
-- Struktur dari tabel `tjawaban`
--

CREATE TABLE IF NOT EXISTS `tjawaban` (
  `id_jawaban` int(11) NOT NULL,
  `ip_address` varchar(100) NOT NULL,
  `id_responden` varchar(13) NOT NULL,
  `tahun` int(11) NOT NULL,
  `bulan` int(11) NOT NULL,
  `id_kuesioner` int(11) NOT NULL,
  `id_kuis` int(11) NOT NULL,
  `jawaban` varchar(10) NOT NULL
) ENGINE=InnoDB AUTO_INCREMENT=2329 DEFAULT CHARSET=latin1;

--
-- Dumping data untuk tabel `tjawaban`
--

INSERT INTO `tjawaban` (`id_jawaban`, `ip_address`, `id_responden`, `tahun`, `bulan`, `id_kuesioner`, `id_kuis`, `jawaban`) VALUES
(1943, '::1', 'K010100000001', 2016, 1, 101, 1, 'a'),
(1944, '::1', 'K010100000001', 2016, 1, 101, 2, 'a'),
(1945, '::1', 'K010100000001', 2016, 1, 101, 3, 'a'),
(1946, '::1', 'K010100000001', 2016, 1, 101, 4, 'a'),
(1947, '::1', 'K010100000001', 2016, 1, 101, 5, 'a'),
(1948, '::1', 'K010100000001', 2016, 1, 101, 6, 'a'),
(1949, '::1', 'K010100000001', 2016, 1, 101, 7, 'a'),
(1950, '::1', 'K010100000001', 2016, 1, 101, 8, 'a'),
(1951, '::1', 'K010100000001', 2016, 1, 101, 9, 'a'),
(1952, '::1', 'K010100000001', 2016, 1, 101, 10, 'a'),
(1953, '::1', 'K010100000001', 2016, 1, 101, 11, 'a'),
(1954, '::1', 'K010100000001', 2016, 1, 101, 12, 'a'),
(1955, '::1', 'K010100000001', 2016, 1, 101, 13, 'a'),
(1956, '::1', 'K010100000001', 2016, 1, 101, 14, 'a'),
(1958, '::1', 'K020100000002', 2016, 2, 101, 1, 'b'),
(1959, '::1', 'K020100000002', 2016, 2, 101, 2, 'b'),
(1960, '::1', 'K020100000002', 2016, 2, 101, 3, 'b'),
(1961, '::1', 'K020100000002', 2016, 2, 101, 4, 'b'),
(1962, '::1', 'K020100000002', 2016, 2, 101, 5, 'b'),
(1963, '::1', 'K020100000002', 2016, 2, 101, 6, 'b'),
(1964, '::1', 'K020100000002', 2016, 2, 101, 7, 'b'),
(1965, '::1', 'K020100000002', 2016, 2, 101, 8, 'b'),
(1966, '::1', 'K020100000002', 2016, 2, 101, 9, 'b'),
(1967, '::1', 'K020100000002', 2016, 2, 101, 10, 'b'),
(1968, '::1', 'K020100000002', 2016, 2, 101, 11, 'b'),
(1969, '::1', 'K020100000002', 2016, 2, 101, 12, 'b'),
(1970, '::1', 'K020100000002', 2016, 2, 101, 13, 'b'),
(1971, '::1', 'K020100000002', 2016, 2, 101, 14, 'b'),
(1973, '::1', 'K030100000003', 2016, 3, 101, 1, 'd'),
(1974, '::1', 'K030100000003', 2016, 3, 101, 2, 'd'),
(1975, '::1', 'K030100000003', 2016, 3, 101, 3, 'd'),
(1976, '::1', 'K030100000003', 2016, 3, 101, 4, 'd'),
(1977, '::1', 'K030100000003', 2016, 3, 101, 5, 'd'),
(1978, '::1', 'K030100000003', 2016, 3, 101, 6, 'd'),
(1979, '::1', 'K030100000003', 2016, 3, 101, 7, 'd'),
(1980, '::1', 'K030100000003', 2016, 3, 101, 8, 'd'),
(1981, '::1', 'K030100000003', 2016, 3, 101, 9, 'd'),
(1982, '::1', 'K030100000003', 2016, 3, 101, 10, 'd'),
(1983, '::1', 'K030100000003', 2016, 3, 101, 11, 'd'),
(1984, '::1', 'K030100000003', 2016, 3, 101, 12, 'd'),
(1985, '::1', 'K030100000003', 2016, 3, 101, 13, 'd'),
(1986, '::1', 'K030100000003', 2016, 3, 101, 14, 'd'),
(1988, '::1', 'K040100000004', 2016, 4, 101, 1, 'c'),
(1989, '::1', 'K040100000004', 2016, 4, 101, 2, 'c'),
(1990, '::1', 'K040100000004', 2016, 4, 101, 3, 'c'),
(1991, '::1', 'K040100000004', 2016, 4, 101, 4, 'c'),
(1992, '::1', 'K040100000004', 2016, 4, 101, 5, 'c'),
(1993, '::1', 'K040100000004', 2016, 4, 101, 6, 'c'),
(1994, '::1', 'K040100000004', 2016, 4, 101, 7, 'c'),
(1995, '::1', 'K040100000004', 2016, 4, 101, 8, 'c'),
(1996, '::1', 'K040100000004', 2016, 4, 101, 9, 'c'),
(1997, '::1', 'K040100000004', 2016, 4, 101, 10, 'c'),
(1998, '::1', 'K040100000004', 2016, 4, 101, 11, 'c'),
(1999, '::1', 'K040100000004', 2016, 4, 101, 12, 'c'),
(2000, '::1', 'K040100000004', 2016, 4, 101, 13, 'c'),
(2001, '::1', 'K040100000004', 2016, 4, 101, 14, 'c'),
(2003, '::1', 'K120100000005', 2015, 12, 101, 1, 'b'),
(2004, '::1', 'K120100000005', 2015, 12, 101, 2, 'b'),
(2005, '::1', 'K120100000005', 2015, 12, 101, 3, 'b'),
(2006, '::1', 'K120100000005', 2015, 12, 101, 4, 'b'),
(2007, '::1', 'K120100000005', 2015, 12, 101, 5, 'b'),
(2008, '::1', 'K120100000005', 2015, 12, 101, 6, 'b'),
(2009, '::1', 'K120100000005', 2015, 12, 101, 7, 'b'),
(2010, '::1', 'K120100000005', 2015, 12, 101, 8, 'b'),
(2011, '::1', 'K120100000005', 2015, 12, 101, 9, 'b'),
(2012, '::1', 'K120100000005', 2015, 12, 101, 10, 'b'),
(2013, '::1', 'K120100000005', 2015, 12, 101, 11, 'b'),
(2014, '::1', 'K120100000005', 2015, 12, 101, 12, 'b'),
(2015, '::1', 'K120100000005', 2015, 12, 101, 13, 'b'),
(2016, '::1', 'K120100000005', 2015, 12, 101, 14, 'b'),
(2017, '::1', 'K110100000006', 2015, 11, 101, 1, 'a'),
(2018, '::1', 'K110100000006', 2015, 11, 101, 2, 'a'),
(2019, '::1', 'K110100000006', 2015, 11, 101, 3, 'a'),
(2020, '::1', 'K110100000006', 2015, 11, 101, 4, 'a'),
(2021, '::1', 'K110100000006', 2015, 11, 101, 5, 'a'),
(2022, '::1', 'K110100000006', 2015, 11, 101, 6, 'a'),
(2023, '::1', 'K110100000006', 2015, 11, 101, 7, 'a'),
(2024, '::1', 'K110100000006', 2015, 11, 101, 8, 'a'),
(2025, '::1', 'K110100000006', 2015, 11, 101, 9, 'a'),
(2026, '::1', 'K110100000006', 2015, 11, 101, 10, 'a'),
(2027, '::1', 'K110100000006', 2015, 11, 101, 11, 'a'),
(2028, '::1', 'K110100000006', 2015, 11, 101, 12, 'a'),
(2029, '::1', 'K110100000006', 2015, 11, 101, 13, 'a'),
(2030, '::1', 'K110100000006', 2015, 11, 101, 14, 'a'),
(2032, '::1', 'K100100000006', 2015, 10, 101, 1, 'd'),
(2033, '::1', 'K100100000006', 2015, 10, 101, 2, 'd'),
(2034, '::1', 'K100100000006', 2015, 10, 101, 3, 'd'),
(2035, '::1', 'K100100000006', 2015, 10, 101, 4, 'd'),
(2036, '::1', 'K100100000006', 2015, 10, 101, 5, 'd'),
(2037, '::1', 'K100100000006', 2015, 10, 101, 6, 'd'),
(2038, '::1', 'K100100000006', 2015, 10, 101, 7, 'd'),
(2039, '::1', 'K100100000006', 2015, 10, 101, 8, 'd'),
(2040, '::1', 'K100100000006', 2015, 10, 101, 9, 'd'),
(2041, '::1', 'K100100000006', 2015, 10, 101, 10, 'd'),
(2042, '::1', 'K100100000006', 2015, 10, 101, 11, 'd'),
(2043, '::1', 'K100100000006', 2015, 10, 101, 12, 'd'),
(2044, '::1', 'K100100000006', 2015, 10, 101, 13, 'd'),
(2045, '::1', 'K100100000006', 2015, 10, 101, 14, 'd'),
(2047, '::1', 'K090100000006', 2015, 9, 101, 1, 'b'),
(2048, '::1', 'K090100000006', 2015, 9, 101, 2, 'b'),
(2049, '::1', 'K090100000006', 2015, 9, 101, 3, 'b'),
(2050, '::1', 'K090100000006', 2015, 9, 101, 4, 'b'),
(2051, '::1', 'K090100000006', 2015, 9, 101, 5, 'b'),
(2052, '::1', 'K090100000006', 2015, 9, 101, 6, 'b'),
(2053, '::1', 'K090100000006', 2015, 9, 101, 7, 'b'),
(2054, '::1', 'K090100000006', 2015, 9, 101, 8, 'b'),
(2055, '::1', 'K090100000006', 2015, 9, 101, 9, 'b'),
(2056, '::1', 'K090100000006', 2015, 9, 101, 10, 'b'),
(2057, '::1', 'K090100000006', 2015, 9, 101, 11, 'b'),
(2058, '::1', 'K090100000006', 2015, 9, 101, 12, 'b'),
(2059, '::1', 'K090100000006', 2015, 9, 101, 13, 'b'),
(2060, '::1', 'K090100000006', 2015, 9, 101, 14, 'b'),
(2062, '::1', 'K080100000006', 2015, 8, 101, 1, 'b'),
(2063, '::1', 'K080100000006', 2015, 8, 101, 2, 'b'),
(2064, '::1', 'K080100000006', 2015, 8, 101, 3, 'b'),
(2065, '::1', 'K080100000006', 2015, 8, 101, 4, 'b'),
(2066, '::1', 'K080100000006', 2015, 8, 101, 5, 'b'),
(2067, '::1', 'K080100000006', 2015, 8, 101, 6, 'b'),
(2068, '::1', 'K080100000006', 2015, 8, 101, 7, 'b'),
(2069, '::1', 'K080100000006', 2015, 8, 101, 8, 'b'),
(2070, '::1', 'K080100000006', 2015, 8, 101, 9, 'b'),
(2071, '::1', 'K080100000006', 2015, 8, 101, 10, 'b'),
(2072, '::1', 'K080100000006', 2015, 8, 101, 11, 'b'),
(2073, '::1', 'K080100000006', 2015, 8, 101, 12, 'b'),
(2074, '::1', 'K080100000006', 2015, 8, 101, 13, 'b'),
(2075, '::1', 'K080100000006', 2015, 8, 101, 14, 'b'),
(2077, '::1', 'K070100000006', 2015, 7, 101, 1, 'a'),
(2078, '::1', 'K070100000006', 2015, 7, 101, 2, 'a'),
(2079, '::1', 'K070100000006', 2015, 7, 101, 3, 'a'),
(2080, '::1', 'K070100000006', 2015, 7, 101, 4, 'a'),
(2081, '::1', 'K070100000006', 2015, 7, 101, 5, 'a'),
(2082, '::1', 'K070100000006', 2015, 7, 101, 6, 'a'),
(2083, '::1', 'K070100000006', 2015, 7, 101, 7, 'a'),
(2084, '::1', 'K070100000006', 2015, 7, 101, 8, 'a'),
(2085, '::1', 'K070100000006', 2015, 7, 101, 9, 'a'),
(2086, '::1', 'K070100000006', 2015, 7, 101, 10, 'a'),
(2087, '::1', 'K070100000006', 2015, 7, 101, 11, 'a'),
(2088, '::1', 'K070100000006', 2015, 7, 101, 12, 'a'),
(2089, '::1', 'K070100000006', 2015, 7, 101, 13, 'a'),
(2090, '::1', 'K070100000006', 2015, 7, 101, 14, 'a'),
(2092, '::1', 'K060100000006', 2015, 6, 101, 1, 'b'),
(2093, '::1', 'K060100000006', 2015, 6, 101, 2, 'b'),
(2094, '::1', 'K060100000006', 2015, 6, 101, 3, 'b'),
(2095, '::1', 'K060100000006', 2015, 6, 101, 4, 'b'),
(2096, '::1', 'K060100000006', 2015, 6, 101, 5, 'b'),
(2097, '::1', 'K060100000006', 2015, 6, 101, 6, 'b'),
(2098, '::1', 'K060100000006', 2015, 6, 101, 7, 'b'),
(2099, '::1', 'K060100000006', 2015, 6, 101, 8, 'b'),
(2100, '::1', 'K060100000006', 2015, 6, 101, 9, 'b'),
(2101, '::1', 'K060100000006', 2015, 6, 101, 10, 'b'),
(2102, '::1', 'K060100000006', 2015, 6, 101, 11, 'b'),
(2103, '::1', 'K060100000006', 2015, 6, 101, 12, 'b'),
(2104, '::1', 'K060100000006', 2015, 6, 101, 13, 'b'),
(2105, '::1', 'K060100000006', 2015, 6, 101, 14, 'b'),
(2107, '::1', 'K050100000006', 2015, 5, 101, 1, 'c'),
(2108, '::1', 'K050100000006', 2015, 5, 101, 2, 'c'),
(2109, '::1', 'K050100000006', 2015, 5, 101, 3, 'c'),
(2110, '::1', 'K050100000006', 2015, 5, 101, 4, 'c'),
(2111, '::1', 'K050100000006', 2015, 5, 101, 5, 'c'),
(2112, '::1', 'K050100000006', 2015, 5, 101, 6, 'c'),
(2113, '::1', 'K050100000006', 2015, 5, 101, 7, 'c'),
(2114, '::1', 'K050100000006', 2015, 5, 101, 8, 'c'),
(2115, '::1', 'K050100000006', 2015, 5, 101, 9, 'c'),
(2116, '::1', 'K050100000006', 2015, 5, 101, 10, 'c'),
(2117, '::1', 'K050100000006', 2015, 5, 101, 11, 'c'),
(2118, '::1', 'K050100000006', 2015, 5, 101, 12, 'c'),
(2119, '::1', 'K050100000006', 2015, 5, 101, 13, 'c'),
(2120, '::1', 'K050100000006', 2015, 5, 101, 14, 'c'),
(2122, '::1', 'K040100000006', 2015, 4, 101, 1, 'c'),
(2123, '::1', 'K040100000006', 2015, 4, 101, 2, 'c'),
(2124, '::1', 'K040100000006', 2015, 4, 101, 3, 'c'),
(2125, '::1', 'K040100000006', 2015, 4, 101, 4, 'c'),
(2126, '::1', 'K040100000006', 2015, 4, 101, 5, 'c'),
(2127, '::1', 'K040100000006', 2015, 4, 101, 6, 'c'),
(2128, '::1', 'K040100000006', 2015, 4, 101, 7, 'c'),
(2129, '::1', 'K040100000006', 2015, 4, 101, 8, 'c'),
(2130, '::1', 'K040100000006', 2015, 4, 101, 9, 'c'),
(2131, '::1', 'K040100000006', 2015, 4, 101, 10, 'c'),
(2132, '::1', 'K040100000006', 2015, 4, 101, 11, 'c'),
(2133, '::1', 'K040100000006', 2015, 4, 101, 12, 'c'),
(2134, '::1', 'K040100000006', 2015, 4, 101, 13, 'c'),
(2135, '::1', 'K040100000006', 2015, 4, 101, 14, 'c'),
(2137, '::1', 'K030100000006', 2015, 3, 101, 1, 'a'),
(2138, '::1', 'K030100000006', 2015, 3, 101, 2, 'a'),
(2139, '::1', 'K030100000006', 2015, 3, 101, 3, 'a'),
(2140, '::1', 'K030100000006', 2015, 3, 101, 4, 'a'),
(2141, '::1', 'K030100000006', 2015, 3, 101, 5, 'a'),
(2142, '::1', 'K030100000006', 2015, 3, 101, 6, 'a'),
(2143, '::1', 'K030100000006', 2015, 3, 101, 7, 'a'),
(2144, '::1', 'K030100000006', 2015, 3, 101, 8, 'a'),
(2145, '::1', 'K030100000006', 2015, 3, 101, 9, 'a'),
(2146, '::1', 'K030100000006', 2015, 3, 101, 10, 'a'),
(2147, '::1', 'K030100000006', 2015, 3, 101, 11, 'a'),
(2148, '::1', 'K030100000006', 2015, 3, 101, 12, 'a'),
(2149, '::1', 'K030100000006', 2015, 3, 101, 13, 'a'),
(2150, '::1', 'K030100000006', 2015, 3, 101, 14, 'a'),
(2152, '::1', 'K020100000006', 2015, 2, 101, 1, 'c'),
(2153, '::1', 'K020100000006', 2015, 2, 101, 2, 'c'),
(2154, '::1', 'K020100000006', 2015, 2, 101, 3, 'c'),
(2155, '::1', 'K020100000006', 2015, 2, 101, 4, 'c'),
(2156, '::1', 'K020100000006', 2015, 2, 101, 5, 'c'),
(2157, '::1', 'K020100000006', 2015, 2, 101, 6, 'c'),
(2158, '::1', 'K020100000006', 2015, 2, 101, 7, 'c'),
(2159, '::1', 'K020100000006', 2015, 2, 101, 8, 'c'),
(2160, '::1', 'K020100000006', 2015, 2, 101, 9, 'c'),
(2161, '::1', 'K020100000006', 2015, 2, 101, 10, 'c'),
(2162, '::1', 'K020100000006', 2015, 2, 101, 11, 'c'),
(2163, '::1', 'K020100000006', 2015, 2, 101, 12, 'c'),
(2164, '::1', 'K020100000006', 2015, 2, 101, 13, 'c'),
(2165, '::1', 'K020100000006', 2015, 2, 101, 14, 'c'),
(2167, '::1', 'K010100000006', 2015, 1, 101, 1, 'a'),
(2168, '::1', 'K010100000006', 2015, 1, 101, 2, 'a'),
(2169, '::1', 'K010100000006', 2015, 1, 101, 3, 'a'),
(2170, '::1', 'K010100000006', 2015, 1, 101, 4, 'a'),
(2171, '::1', 'K010100000006', 2015, 1, 101, 5, 'a'),
(2172, '::1', 'K010100000006', 2015, 1, 101, 6, 'a'),
(2173, '::1', 'K010100000006', 2015, 1, 101, 7, 'a'),
(2174, '::1', 'K010100000006', 2015, 1, 101, 8, 'a'),
(2175, '::1', 'K010100000006', 2015, 1, 101, 9, 'a'),
(2176, '::1', 'K010100000006', 2015, 1, 101, 10, 'a'),
(2177, '::1', 'K010100000006', 2015, 1, 101, 11, 'a'),
(2178, '::1', 'K010100000006', 2015, 1, 101, 12, 'a'),
(2179, '::1', 'K010100000006', 2015, 1, 101, 13, 'a'),
(2180, '::1', 'K010100000006', 2015, 1, 101, 14, 'a'),
(2182, '::1', 'K050100000006', 2016, 5, 101, 1, 'c'),
(2183, '::1', 'K050100000006', 2016, 5, 101, 2, 'c'),
(2184, '::1', 'K050100000006', 2016, 5, 101, 3, 'c'),
(2185, '::1', 'K050100000006', 2016, 5, 101, 4, 'c'),
(2186, '::1', 'K050100000006', 2016, 5, 101, 5, 'c'),
(2187, '::1', 'K050100000006', 2016, 5, 101, 6, 'c'),
(2188, '::1', 'K050100000006', 2016, 5, 101, 7, 'c'),
(2189, '::1', 'K050100000006', 2016, 5, 101, 8, 'c'),
(2190, '::1', 'K050100000006', 2016, 5, 101, 9, 'c'),
(2191, '::1', 'K050100000006', 2016, 5, 101, 10, 'c'),
(2192, '::1', 'K050100000006', 2016, 5, 101, 11, 'c'),
(2193, '::1', 'K050100000006', 2016, 5, 101, 12, 'c'),
(2194, '::1', 'K050100000006', 2016, 5, 101, 13, 'c'),
(2195, '::1', 'K050100000006', 2016, 5, 101, 14, 'c'),
(2196, '::1', 'K070100000006', 2016, 7, 101, 1, 'd'),
(2197, '::1', 'K070100000006', 2016, 7, 101, 2, 'd'),
(2198, '::1', 'K070100000006', 2016, 7, 101, 3, 'd'),
(2199, '::1', 'K070100000006', 2016, 7, 101, 4, 'd'),
(2200, '::1', 'K070100000006', 2016, 7, 101, 5, 'd'),
(2201, '::1', 'K070100000006', 2016, 7, 101, 6, 'd'),
(2202, '::1', 'K070100000006', 2016, 7, 101, 7, 'd'),
(2203, '::1', 'K070100000006', 2016, 7, 101, 8, 'd'),
(2204, '::1', 'K070100000006', 2016, 7, 101, 9, 'd'),
(2205, '::1', 'K070100000006', 2016, 7, 101, 10, 'd'),
(2206, '::1', 'K070100000006', 2016, 7, 101, 11, 'd'),
(2207, '::1', 'K070100000006', 2016, 7, 101, 12, 'd'),
(2208, '::1', 'K070100000006', 2016, 7, 101, 13, 'd'),
(2209, '::1', 'K070100000006', 2016, 7, 101, 14, 'd'),
(2211, '::1', 'K060100000006', 2016, 6, 101, 1, 'b'),
(2212, '::1', 'K060100000006', 2016, 6, 101, 2, 'b'),
(2213, '::1', 'K060100000006', 2016, 6, 101, 3, 'b'),
(2214, '::1', 'K060100000006', 2016, 6, 101, 4, 'b'),
(2215, '::1', 'K060100000006', 2016, 6, 101, 5, 'b'),
(2216, '::1', 'K060100000006', 2016, 6, 101, 6, 'b'),
(2217, '::1', 'K060100000006', 2016, 6, 101, 7, 'b'),
(2218, '::1', 'K060100000006', 2016, 6, 101, 8, 'b'),
(2219, '::1', 'K060100000006', 2016, 6, 101, 9, 'b'),
(2220, '::1', 'K060100000006', 2016, 6, 101, 10, 'b'),
(2221, '::1', 'K060100000006', 2016, 6, 101, 11, 'b'),
(2222, '::1', 'K060100000006', 2016, 6, 101, 12, 'b'),
(2223, '::1', 'K060100000006', 2016, 6, 101, 13, 'b'),
(2224, '::1', 'K060100000006', 2016, 6, 101, 14, 'b'),
(2226, '::1', 'K080100000006', 2016, 8, 101, 1, 'a'),
(2227, '::1', 'K080100000006', 2016, 8, 101, 2, 'a'),
(2228, '::1', 'K080100000006', 2016, 8, 101, 3, 'a'),
(2229, '::1', 'K080100000006', 2016, 8, 101, 4, 'a'),
(2230, '::1', 'K080100000006', 2016, 8, 101, 5, 'a'),
(2231, '::1', 'K080100000006', 2016, 8, 101, 6, 'a'),
(2232, '::1', 'K080100000006', 2016, 8, 101, 7, 'a'),
(2233, '::1', 'K080100000006', 2016, 8, 101, 8, 'a'),
(2234, '::1', 'K080100000006', 2016, 8, 101, 9, 'a'),
(2235, '::1', 'K080100000006', 2016, 8, 101, 10, 'a'),
(2236, '::1', 'K080100000006', 2016, 8, 101, 11, 'a'),
(2237, '::1', 'K080100000006', 2016, 8, 101, 12, 'a'),
(2238, '::1', 'K080100000006', 2016, 8, 101, 13, 'a'),
(2239, '::1', 'K080100000006', 2016, 8, 101, 14, 'a'),
(2241, '::1', 'K090100000006', 2016, 9, 101, 1, 'b'),
(2242, '::1', 'K090100000006', 2016, 9, 101, 2, 'b'),
(2243, '::1', 'K090100000006', 2016, 9, 101, 3, 'b'),
(2244, '::1', 'K090100000006', 2016, 9, 101, 4, 'b'),
(2245, '::1', 'K090100000006', 2016, 9, 101, 5, 'b'),
(2246, '::1', 'K090100000006', 2016, 9, 101, 6, 'b'),
(2247, '::1', 'K090100000006', 2016, 9, 101, 7, 'b'),
(2248, '::1', 'K090100000006', 2016, 9, 101, 8, 'b'),
(2249, '::1', 'K090100000006', 2016, 9, 101, 9, 'b'),
(2250, '::1', 'K090100000006', 2016, 9, 101, 10, 'b'),
(2251, '::1', 'K090100000006', 2016, 9, 101, 11, 'b'),
(2252, '::1', 'K090100000006', 2016, 9, 101, 12, 'b'),
(2253, '::1', 'K090100000006', 2016, 9, 101, 13, 'b'),
(2254, '::1', 'K090100000006', 2016, 9, 101, 14, 'b'),
(2256, '::1', 'K100100000006', 2016, 10, 101, 1, 'c'),
(2257, '::1', 'K100100000006', 2016, 10, 101, 2, 'c'),
(2258, '::1', 'K100100000006', 2016, 10, 101, 3, 'c'),
(2259, '::1', 'K100100000006', 2016, 10, 101, 4, 'c'),
(2260, '::1', 'K100100000006', 2016, 10, 101, 5, 'c'),
(2261, '::1', 'K100100000006', 2016, 10, 101, 6, 'c'),
(2262, '::1', 'K100100000006', 2016, 10, 101, 7, 'c'),
(2263, '::1', 'K100100000006', 2016, 10, 101, 8, 'c'),
(2264, '::1', 'K100100000006', 2016, 10, 101, 9, 'c'),
(2265, '::1', 'K100100000006', 2016, 10, 101, 10, 'c'),
(2266, '::1', 'K100100000006', 2016, 10, 101, 11, 'c'),
(2267, '::1', 'K100100000006', 2016, 10, 101, 12, 'c'),
(2268, '::1', 'K100100000006', 2016, 10, 101, 13, 'c'),
(2269, '::1', 'K100100000006', 2016, 10, 101, 14, 'c'),
(2271, '::1', 'K110100000006', 2016, 11, 101, 1, 'b'),
(2272, '::1', 'K110100000006', 2016, 11, 101, 2, 'b'),
(2273, '::1', 'K110100000006', 2016, 11, 101, 3, 'b'),
(2274, '::1', 'K110100000006', 2016, 11, 101, 4, 'b'),
(2275, '::1', 'K110100000006', 2016, 11, 101, 5, 'b'),
(2276, '::1', 'K110100000006', 2016, 11, 101, 6, 'b'),
(2277, '::1', 'K110100000006', 2016, 11, 101, 7, 'b'),
(2278, '::1', 'K110100000006', 2016, 11, 101, 8, 'b'),
(2279, '::1', 'K110100000006', 2016, 11, 101, 9, 'b'),
(2280, '::1', 'K110100000006', 2016, 11, 101, 10, 'b'),
(2281, '::1', 'K110100000006', 2016, 11, 101, 11, 'b'),
(2282, '::1', 'K110100000006', 2016, 11, 101, 12, 'b'),
(2283, '::1', 'K110100000006', 2016, 11, 101, 13, 'b'),
(2284, '::1', 'K110100000006', 2016, 11, 101, 14, 'b'),
(2286, '::1', 'K120100000006', 2016, 12, 101, 1, 'd'),
(2287, '::1', 'K120100000006', 2016, 12, 101, 2, 'd'),
(2288, '::1', 'K120100000006', 2016, 12, 101, 3, 'd'),
(2289, '::1', 'K120100000006', 2016, 12, 101, 4, 'd'),
(2290, '::1', 'K120100000006', 2016, 12, 101, 5, 'd'),
(2291, '::1', 'K120100000006', 2016, 12, 101, 6, 'd'),
(2292, '::1', 'K120100000006', 2016, 12, 101, 7, 'd'),
(2293, '::1', 'K120100000006', 2016, 12, 101, 8, 'd'),
(2294, '::1', 'K120100000006', 2016, 12, 101, 9, 'd'),
(2295, '::1', 'K120100000006', 2016, 12, 101, 10, 'd'),
(2296, '::1', 'K120100000006', 2016, 12, 101, 11, 'd'),
(2297, '::1', 'K120100000006', 2016, 12, 101, 12, 'd'),
(2298, '::1', 'K120100000006', 2016, 12, 101, 13, 'd'),
(2299, '::1', 'K120100000006', 2016, 12, 101, 14, 'd'),
(2301, '::1', 'K010100000007', 2017, 1, 101, 1, 'c'),
(2302, '::1', 'K010100000007', 2017, 1, 101, 2, 'c'),
(2303, '::1', 'K010100000007', 2017, 1, 101, 3, 'c'),
(2304, '::1', 'K010100000007', 2017, 1, 101, 4, 'c'),
(2305, '::1', 'K010100000007', 2017, 1, 101, 5, 'c'),
(2306, '::1', 'K010100000007', 2017, 1, 101, 6, 'c'),
(2307, '::1', 'K010100000007', 2017, 1, 101, 7, 'c'),
(2308, '::1', 'K010100000007', 2017, 1, 101, 8, 'c'),
(2309, '::1', 'K010100000007', 2017, 1, 101, 9, 'c'),
(2310, '::1', 'K010100000007', 2017, 1, 101, 10, 'c'),
(2311, '::1', 'K010100000007', 2017, 1, 101, 11, 'c'),
(2312, '::1', 'K010100000007', 2017, 1, 101, 12, 'c'),
(2313, '::1', 'K010100000007', 2017, 1, 101, 13, 'c'),
(2314, '::1', 'K010100000007', 2017, 1, 101, 14, 'c'),
(2315, '::1', 'K040700000007', 2016, 4, 101, 1, 'c'),
(2316, '::1', 'K040700000007', 2016, 4, 101, 2, 'c'),
(2317, '::1', 'K040700000007', 2016, 4, 101, 3, 'd'),
(2318, '::1', 'K040700000007', 2016, 4, 101, 4, 'c'),
(2319, '::1', 'K040700000007', 2016, 4, 101, 5, 'c'),
(2320, '::1', 'K040700000007', 2016, 4, 101, 6, 'c'),
(2321, '::1', 'K040700000007', 2016, 4, 101, 7, 'c'),
(2322, '::1', 'K040700000007', 2016, 4, 101, 8, 'c'),
(2323, '::1', 'K040700000007', 2016, 4, 101, 9, 'd'),
(2324, '::1', 'K040700000007', 2016, 4, 101, 10, 'c'),
(2325, '::1', 'K040700000007', 2016, 4, 101, 11, 'c'),
(2326, '::1', 'K040700000007', 2016, 4, 101, 12, 'c'),
(2327, '::1', 'K040700000007', 2016, 4, 101, 13, 'c'),
(2328, '::1', 'K040700000007', 2016, 4, 101, 14, 'c');

-- --------------------------------------------------------

--
-- Struktur dari tabel `tjawaban_group`
--

CREATE TABLE IF NOT EXISTS `tjawaban_group` (
  `id_jawaban_group` int(11) NOT NULL,
  `id_kuis` int(11) NOT NULL,
  `id_aspek` int(11) NOT NULL,
  `nama_aspek` varchar(100) NOT NULL,
  `bobot` int(11) NOT NULL,
  `unsur` double(4,2) NOT NULL,
  `jawaban_a` varchar(64) NOT NULL,
  `jawaban_b` varchar(64) NOT NULL,
  `jawaban_c` varchar(64) NOT NULL,
  `jawaban_d` varchar(64) NOT NULL,
  `id_kuesioner` varchar(10) NOT NULL
) ENGINE=InnoDB AUTO_INCREMENT=609 DEFAULT CHARSET=latin1;

--
-- Dumping data untuk tabel `tjawaban_group`
--

INSERT INTO `tjawaban_group` (`id_jawaban_group`, `id_kuis`, `id_aspek`, `nama_aspek`, `bobot`, `unsur`, `jawaban_a`, `jawaban_b`, `jawaban_c`, `jawaban_d`, `id_kuesioner`) VALUES
(237, 1, 1, 'Prosedur Pelayanan', 1, 1.00, 'Tidak Mudah', 'Kurang Mudah', 'Mudah', 'Sangat Mudah', 'Q201601001'),
(238, 2, 2, 'Persyaratan Pelayanan', 1, 1.00, 'Tidak Sesuai ', 'Kurang Sesuai', 'Sesuai', 'Sangat Sesuai', 'Q201601001'),
(239, 3, 3, 'Kejelasan Petugas Pelayanan', 1, 1.00, 'Tidak Jelas', 'Kurang Jelas', 'Jelas', 'Sangat Jelas', 'Q201601001'),
(240, 4, 4, 'Kedisiplinan Petugas Pelayanan', 1, 1.00, 'Tidak Disiplin', 'Kurang Disiplin', 'Disiplin', 'Sangat Disiplin', 'Q201601001'),
(241, 5, 5, 'Tanggung Jawab Petugas Pelayanan', 1, 1.00, 'Tidak Bertanggung Jawab', 'Kurang Bertanggung Jawab', 'Bertanggung Jawab', 'Sangat Bertanggung Jawab', 'Q201601001'),
(242, 6, 6, 'Kemampuan Petugas Pelayanan', 1, 1.00, 'Tidak Mampu', 'Kurang Mampu', 'Mampu', 'Sangat Mampu', 'Q201601001'),
(243, 7, 7, 'Kecepatan Pelayanan', 1, 1.00, 'Tidak Cepat', 'Kurang Cepat', 'Cepat', 'Sangat Cepat', 'Q201601001'),
(244, 8, 8, 'Keadilan Mendapatkan Pelayanan', 1, 1.00, 'Tidak Adil', 'Kurang Adil', 'Adil', 'Sangat Adil', 'Q201601001'),
(245, 9, 9, 'Kesopanan dan Keramahan Petugas', 1, 1.00, 'Tidak Sopan Dan Tidak Ramah', 'Kurang Sopan Dan Kurang Ramah', 'Sopan dan Ramah', 'Sangat Sopan Dan Sangat Ramah', 'Q201601001'),
(246, 10, 10, 'Kewajaran Biaya Pelayanan', 1, 1.00, 'Tidak Wajar', 'Kurang Wajar', 'Wajar', 'Sangat Wajar', 'Q201601001'),
(247, 11, 11, 'Kepastian Biaya Pelayanan', 1, 1.00, 'Tidak Pasti', 'Kurang Pasti', 'Pasti', 'Sangat Pasti', 'Q201601001'),
(248, 12, 12, 'Kepastian Jadwal Pelayanan', 1, 1.00, 'Tidak Pasti', 'Kurang Pasti', 'Pasti', 'Sangat Pasti', 'Q201601001'),
(249, 13, 13, 'Kenyamanan Lingkungan', 1, 1.00, 'Tidak Nyaman', 'Kurang Nyaman', 'Nyaman', 'Sangat Nyaman', 'Q201601001'),
(250, 14, 14, 'Keamanan Pelayanan', 1, 1.00, 'Tidak Aman', 'Kurang Aman', 'Aman', 'Sangat Aman', 'Q201601001'),
(252, 1, 1, 'Prosedur Pelayanan', 2, 2.00, 'Tidak Mudah', 'Kurang Mudah', 'Mudah', 'Sangat Mudah', 'Q201602002'),
(253, 2, 2, 'Persyaratan Pelayanan', 2, 2.00, 'Tidak Sesuai ', 'Kurang Sesuai', 'Sesuai', 'Sangat Sesuai', 'Q201602002'),
(254, 3, 3, 'Kejelasan Petugas Pelayanan', 2, 2.00, 'Tidak Jelas', 'Kurang Jelas', 'Jelas', 'Sangat Jelas', 'Q201602002'),
(255, 4, 4, 'Kedisiplinan Petugas Pelayanan', 2, 2.00, 'Tidak Disiplin', 'Kurang Disiplin', 'Disiplin', 'Sangat Disiplin', 'Q201602002'),
(256, 5, 5, 'Tanggung Jawab Petugas Pelayanan', 2, 2.00, 'Tidak Bertanggung Jawab', 'Kurang Bertanggung Jawab', 'Bertanggung Jawab', 'Sangat Bertanggung Jawab', 'Q201602002'),
(257, 6, 6, 'Kemampuan Petugas Pelayanan', 2, 2.00, 'Tidak Mampu', 'Kurang Mampu', 'Mampu', 'Sangat Mampu', 'Q201602002'),
(258, 7, 7, 'Kecepatan Pelayanan', 2, 2.00, 'Tidak Cepat', 'Kurang Cepat', 'Cepat', 'Sangat Cepat', 'Q201602002'),
(259, 8, 8, 'Keadilan Mendapatkan Pelayanan', 2, 2.00, 'Tidak Adil', 'Kurang Adil', 'Adil', 'Sangat Adil', 'Q201602002'),
(260, 9, 9, 'Kesopanan dan Keramahan Petugas', 2, 2.00, 'Tidak Sopan Dan Tidak Ramah', 'Kurang Sopan Dan Kurang Ramah', 'Sopan dan Ramah', 'Sangat Sopan Dan Sangat Ramah', 'Q201602002'),
(261, 10, 10, 'Kewajaran Biaya Pelayanan', 2, 2.00, 'Tidak Wajar', 'Kurang Wajar', 'Wajar', 'Sangat Wajar', 'Q201602002'),
(262, 11, 11, 'Kepastian Biaya Pelayanan', 2, 2.00, 'Tidak Pasti', 'Kurang Pasti', 'Pasti', 'Sangat Pasti', 'Q201602002'),
(263, 12, 12, 'Kepastian Jadwal Pelayanan', 2, 2.00, 'Tidak Pasti', 'Kurang Pasti', 'Pasti', 'Sangat Pasti', 'Q201602002'),
(264, 13, 13, 'Kenyamanan Lingkungan', 2, 2.00, 'Tidak Nyaman', 'Kurang Nyaman', 'Nyaman', 'Sangat Nyaman', 'Q201602002'),
(265, 14, 14, 'Keamanan Pelayanan', 2, 2.00, 'Tidak Aman', 'Kurang Aman', 'Aman', 'Sangat Aman', 'Q201602002'),
(267, 1, 1, 'Prosedur Pelayanan', 4, 4.00, 'Tidak Mudah', 'Kurang Mudah', 'Mudah', 'Sangat Mudah', 'Q201603003'),
(268, 2, 2, 'Persyaratan Pelayanan', 4, 4.00, 'Tidak Sesuai ', 'Kurang Sesuai', 'Sesuai', 'Sangat Sesuai', 'Q201603003'),
(269, 3, 3, 'Kejelasan Petugas Pelayanan', 4, 4.00, 'Tidak Jelas', 'Kurang Jelas', 'Jelas', 'Sangat Jelas', 'Q201603003'),
(270, 4, 4, 'Kedisiplinan Petugas Pelayanan', 4, 4.00, 'Tidak Disiplin', 'Kurang Disiplin', 'Disiplin', 'Sangat Disiplin', 'Q201603003'),
(271, 5, 5, 'Tanggung Jawab Petugas Pelayanan', 4, 4.00, 'Tidak Bertanggung Jawab', 'Kurang Bertanggung Jawab', 'Bertanggung Jawab', 'Sangat Bertanggung Jawab', 'Q201603003'),
(272, 6, 6, 'Kemampuan Petugas Pelayanan', 4, 4.00, 'Tidak Mampu', 'Kurang Mampu', 'Mampu', 'Sangat Mampu', 'Q201603003'),
(273, 7, 7, 'Kecepatan Pelayanan', 4, 4.00, 'Tidak Cepat', 'Kurang Cepat', 'Cepat', 'Sangat Cepat', 'Q201603003'),
(274, 8, 8, 'Keadilan Mendapatkan Pelayanan', 4, 4.00, 'Tidak Adil', 'Kurang Adil', 'Adil', 'Sangat Adil', 'Q201603003'),
(275, 9, 9, 'Kesopanan dan Keramahan Petugas', 4, 4.00, 'Tidak Sopan Dan Tidak Ramah', 'Kurang Sopan Dan Kurang Ramah', 'Sopan dan Ramah', 'Sangat Sopan Dan Sangat Ramah', 'Q201603003'),
(276, 10, 10, 'Kewajaran Biaya Pelayanan', 4, 4.00, 'Tidak Wajar', 'Kurang Wajar', 'Wajar', 'Sangat Wajar', 'Q201603003'),
(277, 11, 11, 'Kepastian Biaya Pelayanan', 4, 4.00, 'Tidak Pasti', 'Kurang Pasti', 'Pasti', 'Sangat Pasti', 'Q201603003'),
(278, 12, 12, 'Kepastian Jadwal Pelayanan', 4, 4.00, 'Tidak Pasti', 'Kurang Pasti', 'Pasti', 'Sangat Pasti', 'Q201603003'),
(279, 13, 13, 'Kenyamanan Lingkungan', 4, 4.00, 'Tidak Nyaman', 'Kurang Nyaman', 'Nyaman', 'Sangat Nyaman', 'Q201603003'),
(280, 14, 14, 'Keamanan Pelayanan', 4, 4.00, 'Tidak Aman', 'Kurang Aman', 'Aman', 'Sangat Aman', 'Q201603003'),
(282, 1, 1, 'Prosedur Pelayanan', 3, 3.00, 'Tidak Mudah', 'Kurang Mudah', 'Mudah', 'Sangat Mudah', 'Q201604004'),
(283, 2, 2, 'Persyaratan Pelayanan', 3, 3.00, 'Tidak Sesuai ', 'Kurang Sesuai', 'Sesuai', 'Sangat Sesuai', 'Q201604004'),
(284, 3, 3, 'Kejelasan Petugas Pelayanan', 3, 3.00, 'Tidak Jelas', 'Kurang Jelas', 'Jelas', 'Sangat Jelas', 'Q201604004'),
(285, 4, 4, 'Kedisiplinan Petugas Pelayanan', 3, 3.00, 'Tidak Disiplin', 'Kurang Disiplin', 'Disiplin', 'Sangat Disiplin', 'Q201604004'),
(286, 5, 5, 'Tanggung Jawab Petugas Pelayanan', 3, 3.00, 'Tidak Bertanggung Jawab', 'Kurang Bertanggung Jawab', 'Bertanggung Jawab', 'Sangat Bertanggung Jawab', 'Q201604004'),
(287, 6, 6, 'Kemampuan Petugas Pelayanan', 3, 3.00, 'Tidak Mampu', 'Kurang Mampu', 'Mampu', 'Sangat Mampu', 'Q201604004'),
(288, 7, 7, 'Kecepatan Pelayanan', 3, 3.00, 'Tidak Cepat', 'Kurang Cepat', 'Cepat', 'Sangat Cepat', 'Q201604004'),
(289, 8, 8, 'Keadilan Mendapatkan Pelayanan', 3, 3.00, 'Tidak Adil', 'Kurang Adil', 'Adil', 'Sangat Adil', 'Q201604004'),
(290, 9, 9, 'Kesopanan dan Keramahan Petugas', 3, 3.00, 'Tidak Sopan Dan Tidak Ramah', 'Kurang Sopan Dan Kurang Ramah', 'Sopan dan Ramah', 'Sangat Sopan Dan Sangat Ramah', 'Q201604004'),
(291, 10, 10, 'Kewajaran Biaya Pelayanan', 3, 3.00, 'Tidak Wajar', 'Kurang Wajar', 'Wajar', 'Sangat Wajar', 'Q201604004'),
(292, 11, 11, 'Kepastian Biaya Pelayanan', 3, 3.00, 'Tidak Pasti', 'Kurang Pasti', 'Pasti', 'Sangat Pasti', 'Q201604004'),
(293, 12, 12, 'Kepastian Jadwal Pelayanan', 3, 3.00, 'Tidak Pasti', 'Kurang Pasti', 'Pasti', 'Sangat Pasti', 'Q201604004'),
(294, 13, 13, 'Kenyamanan Lingkungan', 3, 3.00, 'Tidak Nyaman', 'Kurang Nyaman', 'Nyaman', 'Sangat Nyaman', 'Q201604004'),
(295, 14, 14, 'Keamanan Pelayanan', 3, 3.00, 'Tidak Aman', 'Kurang Aman', 'Aman', 'Sangat Aman', 'Q201604004'),
(297, 1, 1, 'Prosedur Pelayanan', 2, 2.00, 'Tidak Mudah', 'Kurang Mudah', 'Mudah', 'Sangat Mudah', 'Q201512005'),
(298, 2, 2, 'Persyaratan Pelayanan', 2, 2.00, 'Tidak Sesuai ', 'Kurang Sesuai', 'Sesuai', 'Sangat Sesuai', 'Q201512005'),
(299, 3, 3, 'Kejelasan Petugas Pelayanan', 2, 2.00, 'Tidak Jelas', 'Kurang Jelas', 'Jelas', 'Sangat Jelas', 'Q201512005'),
(300, 4, 4, 'Kedisiplinan Petugas Pelayanan', 2, 2.00, 'Tidak Disiplin', 'Kurang Disiplin', 'Disiplin', 'Sangat Disiplin', 'Q201512005'),
(301, 5, 5, 'Tanggung Jawab Petugas Pelayanan', 2, 2.00, 'Tidak Bertanggung Jawab', 'Kurang Bertanggung Jawab', 'Bertanggung Jawab', 'Sangat Bertanggung Jawab', 'Q201512005'),
(302, 6, 6, 'Kemampuan Petugas Pelayanan', 2, 2.00, 'Tidak Mampu', 'Kurang Mampu', 'Mampu', 'Sangat Mampu', 'Q201512005'),
(303, 7, 7, 'Kecepatan Pelayanan', 2, 2.00, 'Tidak Cepat', 'Kurang Cepat', 'Cepat', 'Sangat Cepat', 'Q201512005'),
(304, 8, 8, 'Keadilan Mendapatkan Pelayanan', 2, 2.00, 'Tidak Adil', 'Kurang Adil', 'Adil', 'Sangat Adil', 'Q201512005'),
(305, 9, 9, 'Kesopanan dan Keramahan Petugas', 2, 2.00, 'Tidak Sopan Dan Tidak Ramah', 'Kurang Sopan Dan Kurang Ramah', 'Sopan dan Ramah', 'Sangat Sopan Dan Sangat Ramah', 'Q201512005'),
(306, 10, 10, 'Kewajaran Biaya Pelayanan', 2, 2.00, 'Tidak Wajar', 'Kurang Wajar', 'Wajar', 'Sangat Wajar', 'Q201512005'),
(307, 11, 11, 'Kepastian Biaya Pelayanan', 2, 2.00, 'Tidak Pasti', 'Kurang Pasti', 'Pasti', 'Sangat Pasti', 'Q201512005'),
(308, 12, 12, 'Kepastian Jadwal Pelayanan', 2, 2.00, 'Tidak Pasti', 'Kurang Pasti', 'Pasti', 'Sangat Pasti', 'Q201512005'),
(309, 13, 13, 'Kenyamanan Lingkungan', 2, 2.00, 'Tidak Nyaman', 'Kurang Nyaman', 'Nyaman', 'Sangat Nyaman', 'Q201512005'),
(310, 14, 14, 'Keamanan Pelayanan', 2, 2.00, 'Tidak Aman', 'Kurang Aman', 'Aman', 'Sangat Aman', 'Q201512005'),
(311, 1, 1, 'Prosedur Pelayanan', 1, 1.00, 'Tidak Mudah', 'Kurang Mudah', 'Mudah', 'Sangat Mudah', 'Q201511005'),
(312, 2, 2, 'Persyaratan Pelayanan', 1, 1.00, 'Tidak Sesuai ', 'Kurang Sesuai', 'Sesuai', 'Sangat Sesuai', 'Q201511005'),
(313, 3, 3, 'Kejelasan Petugas Pelayanan', 1, 1.00, 'Tidak Jelas', 'Kurang Jelas', 'Jelas', 'Sangat Jelas', 'Q201511005'),
(314, 4, 4, 'Kedisiplinan Petugas Pelayanan', 1, 1.00, 'Tidak Disiplin', 'Kurang Disiplin', 'Disiplin', 'Sangat Disiplin', 'Q201511005'),
(315, 5, 5, 'Tanggung Jawab Petugas Pelayanan', 1, 1.00, 'Tidak Bertanggung Jawab', 'Kurang Bertanggung Jawab', 'Bertanggung Jawab', 'Sangat Bertanggung Jawab', 'Q201511005'),
(316, 6, 6, 'Kemampuan Petugas Pelayanan', 1, 1.00, 'Tidak Mampu', 'Kurang Mampu', 'Mampu', 'Sangat Mampu', 'Q201511005'),
(317, 7, 7, 'Kecepatan Pelayanan', 1, 1.00, 'Tidak Cepat', 'Kurang Cepat', 'Cepat', 'Sangat Cepat', 'Q201511005'),
(318, 8, 8, 'Keadilan Mendapatkan Pelayanan', 1, 1.00, 'Tidak Adil', 'Kurang Adil', 'Adil', 'Sangat Adil', 'Q201511005'),
(319, 9, 9, 'Kesopanan dan Keramahan Petugas', 1, 1.00, 'Tidak Sopan Dan Tidak Ramah', 'Kurang Sopan Dan Kurang Ramah', 'Sopan dan Ramah', 'Sangat Sopan Dan Sangat Ramah', 'Q201511005'),
(320, 10, 10, 'Kewajaran Biaya Pelayanan', 1, 1.00, 'Tidak Wajar', 'Kurang Wajar', 'Wajar', 'Sangat Wajar', 'Q201511005'),
(321, 11, 11, 'Kepastian Biaya Pelayanan', 1, 1.00, 'Tidak Pasti', 'Kurang Pasti', 'Pasti', 'Sangat Pasti', 'Q201511005'),
(322, 12, 12, 'Kepastian Jadwal Pelayanan', 1, 1.00, 'Tidak Pasti', 'Kurang Pasti', 'Pasti', 'Sangat Pasti', 'Q201511005'),
(323, 13, 13, 'Kenyamanan Lingkungan', 1, 1.00, 'Tidak Nyaman', 'Kurang Nyaman', 'Nyaman', 'Sangat Nyaman', 'Q201511005'),
(324, 14, 14, 'Keamanan Pelayanan', 1, 1.00, 'Tidak Aman', 'Kurang Aman', 'Aman', 'Sangat Aman', 'Q201511005'),
(326, 1, 1, 'Prosedur Pelayanan', 4, 4.00, 'Tidak Mudah', 'Kurang Mudah', 'Mudah', 'Sangat Mudah', 'Q201510005'),
(327, 2, 2, 'Persyaratan Pelayanan', 4, 4.00, 'Tidak Sesuai ', 'Kurang Sesuai', 'Sesuai', 'Sangat Sesuai', 'Q201510005'),
(328, 3, 3, 'Kejelasan Petugas Pelayanan', 4, 4.00, 'Tidak Jelas', 'Kurang Jelas', 'Jelas', 'Sangat Jelas', 'Q201510005'),
(329, 4, 4, 'Kedisiplinan Petugas Pelayanan', 4, 4.00, 'Tidak Disiplin', 'Kurang Disiplin', 'Disiplin', 'Sangat Disiplin', 'Q201510005'),
(330, 5, 5, 'Tanggung Jawab Petugas Pelayanan', 4, 4.00, 'Tidak Bertanggung Jawab', 'Kurang Bertanggung Jawab', 'Bertanggung Jawab', 'Sangat Bertanggung Jawab', 'Q201510005'),
(331, 6, 6, 'Kemampuan Petugas Pelayanan', 4, 4.00, 'Tidak Mampu', 'Kurang Mampu', 'Mampu', 'Sangat Mampu', 'Q201510005'),
(332, 7, 7, 'Kecepatan Pelayanan', 4, 4.00, 'Tidak Cepat', 'Kurang Cepat', 'Cepat', 'Sangat Cepat', 'Q201510005'),
(333, 8, 8, 'Keadilan Mendapatkan Pelayanan', 4, 4.00, 'Tidak Adil', 'Kurang Adil', 'Adil', 'Sangat Adil', 'Q201510005'),
(334, 9, 9, 'Kesopanan dan Keramahan Petugas', 4, 4.00, 'Tidak Sopan Dan Tidak Ramah', 'Kurang Sopan Dan Kurang Ramah', 'Sopan dan Ramah', 'Sangat Sopan Dan Sangat Ramah', 'Q201510005'),
(335, 10, 10, 'Kewajaran Biaya Pelayanan', 4, 4.00, 'Tidak Wajar', 'Kurang Wajar', 'Wajar', 'Sangat Wajar', 'Q201510005'),
(336, 11, 11, 'Kepastian Biaya Pelayanan', 4, 4.00, 'Tidak Pasti', 'Kurang Pasti', 'Pasti', 'Sangat Pasti', 'Q201510005'),
(337, 12, 12, 'Kepastian Jadwal Pelayanan', 4, 4.00, 'Tidak Pasti', 'Kurang Pasti', 'Pasti', 'Sangat Pasti', 'Q201510005'),
(338, 13, 13, 'Kenyamanan Lingkungan', 4, 4.00, 'Tidak Nyaman', 'Kurang Nyaman', 'Nyaman', 'Sangat Nyaman', 'Q201510005'),
(339, 14, 14, 'Keamanan Pelayanan', 4, 4.00, 'Tidak Aman', 'Kurang Aman', 'Aman', 'Sangat Aman', 'Q201510005'),
(341, 1, 1, 'Prosedur Pelayanan', 2, 2.00, 'Tidak Mudah', 'Kurang Mudah', 'Mudah', 'Sangat Mudah', 'Q201509005'),
(342, 2, 2, 'Persyaratan Pelayanan', 2, 2.00, 'Tidak Sesuai ', 'Kurang Sesuai', 'Sesuai', 'Sangat Sesuai', 'Q201509005'),
(343, 3, 3, 'Kejelasan Petugas Pelayanan', 2, 2.00, 'Tidak Jelas', 'Kurang Jelas', 'Jelas', 'Sangat Jelas', 'Q201509005'),
(344, 4, 4, 'Kedisiplinan Petugas Pelayanan', 2, 2.00, 'Tidak Disiplin', 'Kurang Disiplin', 'Disiplin', 'Sangat Disiplin', 'Q201509005'),
(345, 5, 5, 'Tanggung Jawab Petugas Pelayanan', 2, 2.00, 'Tidak Bertanggung Jawab', 'Kurang Bertanggung Jawab', 'Bertanggung Jawab', 'Sangat Bertanggung Jawab', 'Q201509005'),
(346, 6, 6, 'Kemampuan Petugas Pelayanan', 2, 2.00, 'Tidak Mampu', 'Kurang Mampu', 'Mampu', 'Sangat Mampu', 'Q201509005'),
(347, 7, 7, 'Kecepatan Pelayanan', 2, 2.00, 'Tidak Cepat', 'Kurang Cepat', 'Cepat', 'Sangat Cepat', 'Q201509005'),
(348, 8, 8, 'Keadilan Mendapatkan Pelayanan', 2, 2.00, 'Tidak Adil', 'Kurang Adil', 'Adil', 'Sangat Adil', 'Q201509005'),
(349, 9, 9, 'Kesopanan dan Keramahan Petugas', 2, 2.00, 'Tidak Sopan Dan Tidak Ramah', 'Kurang Sopan Dan Kurang Ramah', 'Sopan dan Ramah', 'Sangat Sopan Dan Sangat Ramah', 'Q201509005'),
(350, 10, 10, 'Kewajaran Biaya Pelayanan', 2, 2.00, 'Tidak Wajar', 'Kurang Wajar', 'Wajar', 'Sangat Wajar', 'Q201509005'),
(351, 11, 11, 'Kepastian Biaya Pelayanan', 2, 2.00, 'Tidak Pasti', 'Kurang Pasti', 'Pasti', 'Sangat Pasti', 'Q201509005'),
(352, 12, 12, 'Kepastian Jadwal Pelayanan', 2, 2.00, 'Tidak Pasti', 'Kurang Pasti', 'Pasti', 'Sangat Pasti', 'Q201509005'),
(353, 13, 13, 'Kenyamanan Lingkungan', 2, 2.00, 'Tidak Nyaman', 'Kurang Nyaman', 'Nyaman', 'Sangat Nyaman', 'Q201509005'),
(354, 14, 14, 'Keamanan Pelayanan', 2, 2.00, 'Tidak Aman', 'Kurang Aman', 'Aman', 'Sangat Aman', 'Q201509005'),
(356, 1, 1, 'Prosedur Pelayanan', 2, 2.00, 'Tidak Mudah', 'Kurang Mudah', 'Mudah', 'Sangat Mudah', 'Q201508005'),
(357, 2, 2, 'Persyaratan Pelayanan', 2, 2.00, 'Tidak Sesuai ', 'Kurang Sesuai', 'Sesuai', 'Sangat Sesuai', 'Q201508005'),
(358, 3, 3, 'Kejelasan Petugas Pelayanan', 2, 2.00, 'Tidak Jelas', 'Kurang Jelas', 'Jelas', 'Sangat Jelas', 'Q201508005'),
(359, 4, 4, 'Kedisiplinan Petugas Pelayanan', 2, 2.00, 'Tidak Disiplin', 'Kurang Disiplin', 'Disiplin', 'Sangat Disiplin', 'Q201508005'),
(360, 5, 5, 'Tanggung Jawab Petugas Pelayanan', 2, 2.00, 'Tidak Bertanggung Jawab', 'Kurang Bertanggung Jawab', 'Bertanggung Jawab', 'Sangat Bertanggung Jawab', 'Q201508005'),
(361, 6, 6, 'Kemampuan Petugas Pelayanan', 2, 2.00, 'Tidak Mampu', 'Kurang Mampu', 'Mampu', 'Sangat Mampu', 'Q201508005'),
(362, 7, 7, 'Kecepatan Pelayanan', 2, 2.00, 'Tidak Cepat', 'Kurang Cepat', 'Cepat', 'Sangat Cepat', 'Q201508005'),
(363, 8, 8, 'Keadilan Mendapatkan Pelayanan', 2, 2.00, 'Tidak Adil', 'Kurang Adil', 'Adil', 'Sangat Adil', 'Q201508005'),
(364, 9, 9, 'Kesopanan dan Keramahan Petugas', 2, 2.00, 'Tidak Sopan Dan Tidak Ramah', 'Kurang Sopan Dan Kurang Ramah', 'Sopan dan Ramah', 'Sangat Sopan Dan Sangat Ramah', 'Q201508005'),
(365, 10, 10, 'Kewajaran Biaya Pelayanan', 2, 2.00, 'Tidak Wajar', 'Kurang Wajar', 'Wajar', 'Sangat Wajar', 'Q201508005'),
(366, 11, 11, 'Kepastian Biaya Pelayanan', 2, 2.00, 'Tidak Pasti', 'Kurang Pasti', 'Pasti', 'Sangat Pasti', 'Q201508005'),
(367, 12, 12, 'Kepastian Jadwal Pelayanan', 2, 2.00, 'Tidak Pasti', 'Kurang Pasti', 'Pasti', 'Sangat Pasti', 'Q201508005'),
(368, 13, 13, 'Kenyamanan Lingkungan', 2, 2.00, 'Tidak Nyaman', 'Kurang Nyaman', 'Nyaman', 'Sangat Nyaman', 'Q201508005'),
(369, 14, 14, 'Keamanan Pelayanan', 2, 2.00, 'Tidak Aman', 'Kurang Aman', 'Aman', 'Sangat Aman', 'Q201508005'),
(371, 1, 1, 'Prosedur Pelayanan', 1, 1.00, 'Tidak Mudah', 'Kurang Mudah', 'Mudah', 'Sangat Mudah', 'Q201507005'),
(372, 2, 2, 'Persyaratan Pelayanan', 1, 1.00, 'Tidak Sesuai ', 'Kurang Sesuai', 'Sesuai', 'Sangat Sesuai', 'Q201507005'),
(373, 3, 3, 'Kejelasan Petugas Pelayanan', 1, 1.00, 'Tidak Jelas', 'Kurang Jelas', 'Jelas', 'Sangat Jelas', 'Q201507005'),
(374, 4, 4, 'Kedisiplinan Petugas Pelayanan', 1, 1.00, 'Tidak Disiplin', 'Kurang Disiplin', 'Disiplin', 'Sangat Disiplin', 'Q201507005'),
(375, 5, 5, 'Tanggung Jawab Petugas Pelayanan', 1, 1.00, 'Tidak Bertanggung Jawab', 'Kurang Bertanggung Jawab', 'Bertanggung Jawab', 'Sangat Bertanggung Jawab', 'Q201507005'),
(376, 6, 6, 'Kemampuan Petugas Pelayanan', 1, 1.00, 'Tidak Mampu', 'Kurang Mampu', 'Mampu', 'Sangat Mampu', 'Q201507005'),
(377, 7, 7, 'Kecepatan Pelayanan', 1, 1.00, 'Tidak Cepat', 'Kurang Cepat', 'Cepat', 'Sangat Cepat', 'Q201507005'),
(378, 8, 8, 'Keadilan Mendapatkan Pelayanan', 1, 1.00, 'Tidak Adil', 'Kurang Adil', 'Adil', 'Sangat Adil', 'Q201507005'),
(379, 9, 9, 'Kesopanan dan Keramahan Petugas', 1, 1.00, 'Tidak Sopan Dan Tidak Ramah', 'Kurang Sopan Dan Kurang Ramah', 'Sopan dan Ramah', 'Sangat Sopan Dan Sangat Ramah', 'Q201507005'),
(380, 10, 10, 'Kewajaran Biaya Pelayanan', 1, 1.00, 'Tidak Wajar', 'Kurang Wajar', 'Wajar', 'Sangat Wajar', 'Q201507005'),
(381, 11, 11, 'Kepastian Biaya Pelayanan', 1, 1.00, 'Tidak Pasti', 'Kurang Pasti', 'Pasti', 'Sangat Pasti', 'Q201507005'),
(382, 12, 12, 'Kepastian Jadwal Pelayanan', 1, 1.00, 'Tidak Pasti', 'Kurang Pasti', 'Pasti', 'Sangat Pasti', 'Q201507005'),
(383, 13, 13, 'Kenyamanan Lingkungan', 1, 1.00, 'Tidak Nyaman', 'Kurang Nyaman', 'Nyaman', 'Sangat Nyaman', 'Q201507005'),
(384, 14, 14, 'Keamanan Pelayanan', 1, 1.00, 'Tidak Aman', 'Kurang Aman', 'Aman', 'Sangat Aman', 'Q201507005'),
(386, 1, 1, 'Prosedur Pelayanan', 2, 2.00, 'Tidak Mudah', 'Kurang Mudah', 'Mudah', 'Sangat Mudah', 'Q201506005'),
(387, 2, 2, 'Persyaratan Pelayanan', 2, 2.00, 'Tidak Sesuai ', 'Kurang Sesuai', 'Sesuai', 'Sangat Sesuai', 'Q201506005'),
(388, 3, 3, 'Kejelasan Petugas Pelayanan', 2, 2.00, 'Tidak Jelas', 'Kurang Jelas', 'Jelas', 'Sangat Jelas', 'Q201506005'),
(389, 4, 4, 'Kedisiplinan Petugas Pelayanan', 2, 2.00, 'Tidak Disiplin', 'Kurang Disiplin', 'Disiplin', 'Sangat Disiplin', 'Q201506005'),
(390, 5, 5, 'Tanggung Jawab Petugas Pelayanan', 2, 2.00, 'Tidak Bertanggung Jawab', 'Kurang Bertanggung Jawab', 'Bertanggung Jawab', 'Sangat Bertanggung Jawab', 'Q201506005'),
(391, 6, 6, 'Kemampuan Petugas Pelayanan', 2, 2.00, 'Tidak Mampu', 'Kurang Mampu', 'Mampu', 'Sangat Mampu', 'Q201506005'),
(392, 7, 7, 'Kecepatan Pelayanan', 2, 2.00, 'Tidak Cepat', 'Kurang Cepat', 'Cepat', 'Sangat Cepat', 'Q201506005'),
(393, 8, 8, 'Keadilan Mendapatkan Pelayanan', 2, 2.00, 'Tidak Adil', 'Kurang Adil', 'Adil', 'Sangat Adil', 'Q201506005'),
(394, 9, 9, 'Kesopanan dan Keramahan Petugas', 2, 2.00, 'Tidak Sopan Dan Tidak Ramah', 'Kurang Sopan Dan Kurang Ramah', 'Sopan dan Ramah', 'Sangat Sopan Dan Sangat Ramah', 'Q201506005'),
(395, 10, 10, 'Kewajaran Biaya Pelayanan', 2, 2.00, 'Tidak Wajar', 'Kurang Wajar', 'Wajar', 'Sangat Wajar', 'Q201506005'),
(396, 11, 11, 'Kepastian Biaya Pelayanan', 2, 2.00, 'Tidak Pasti', 'Kurang Pasti', 'Pasti', 'Sangat Pasti', 'Q201506005'),
(397, 12, 12, 'Kepastian Jadwal Pelayanan', 2, 2.00, 'Tidak Pasti', 'Kurang Pasti', 'Pasti', 'Sangat Pasti', 'Q201506005'),
(398, 13, 13, 'Kenyamanan Lingkungan', 2, 2.00, 'Tidak Nyaman', 'Kurang Nyaman', 'Nyaman', 'Sangat Nyaman', 'Q201506005'),
(399, 14, 14, 'Keamanan Pelayanan', 2, 2.00, 'Tidak Aman', 'Kurang Aman', 'Aman', 'Sangat Aman', 'Q201506005'),
(401, 1, 1, 'Prosedur Pelayanan', 3, 3.00, 'Tidak Mudah', 'Kurang Mudah', 'Mudah', 'Sangat Mudah', 'Q201505005'),
(402, 2, 2, 'Persyaratan Pelayanan', 3, 3.00, 'Tidak Sesuai ', 'Kurang Sesuai', 'Sesuai', 'Sangat Sesuai', 'Q201505005'),
(403, 3, 3, 'Kejelasan Petugas Pelayanan', 3, 3.00, 'Tidak Jelas', 'Kurang Jelas', 'Jelas', 'Sangat Jelas', 'Q201505005'),
(404, 4, 4, 'Kedisiplinan Petugas Pelayanan', 3, 3.00, 'Tidak Disiplin', 'Kurang Disiplin', 'Disiplin', 'Sangat Disiplin', 'Q201505005'),
(405, 5, 5, 'Tanggung Jawab Petugas Pelayanan', 3, 3.00, 'Tidak Bertanggung Jawab', 'Kurang Bertanggung Jawab', 'Bertanggung Jawab', 'Sangat Bertanggung Jawab', 'Q201505005'),
(406, 6, 6, 'Kemampuan Petugas Pelayanan', 3, 3.00, 'Tidak Mampu', 'Kurang Mampu', 'Mampu', 'Sangat Mampu', 'Q201505005'),
(407, 7, 7, 'Kecepatan Pelayanan', 3, 3.00, 'Tidak Cepat', 'Kurang Cepat', 'Cepat', 'Sangat Cepat', 'Q201505005'),
(408, 8, 8, 'Keadilan Mendapatkan Pelayanan', 3, 3.00, 'Tidak Adil', 'Kurang Adil', 'Adil', 'Sangat Adil', 'Q201505005'),
(409, 9, 9, 'Kesopanan dan Keramahan Petugas', 3, 3.00, 'Tidak Sopan Dan Tidak Ramah', 'Kurang Sopan Dan Kurang Ramah', 'Sopan dan Ramah', 'Sangat Sopan Dan Sangat Ramah', 'Q201505005'),
(410, 10, 10, 'Kewajaran Biaya Pelayanan', 3, 3.00, 'Tidak Wajar', 'Kurang Wajar', 'Wajar', 'Sangat Wajar', 'Q201505005'),
(411, 11, 11, 'Kepastian Biaya Pelayanan', 3, 3.00, 'Tidak Pasti', 'Kurang Pasti', 'Pasti', 'Sangat Pasti', 'Q201505005'),
(412, 12, 12, 'Kepastian Jadwal Pelayanan', 3, 3.00, 'Tidak Pasti', 'Kurang Pasti', 'Pasti', 'Sangat Pasti', 'Q201505005'),
(413, 13, 13, 'Kenyamanan Lingkungan', 3, 3.00, 'Tidak Nyaman', 'Kurang Nyaman', 'Nyaman', 'Sangat Nyaman', 'Q201505005'),
(414, 14, 14, 'Keamanan Pelayanan', 3, 3.00, 'Tidak Aman', 'Kurang Aman', 'Aman', 'Sangat Aman', 'Q201505005'),
(416, 1, 1, 'Prosedur Pelayanan', 3, 3.00, 'Tidak Mudah', 'Kurang Mudah', 'Mudah', 'Sangat Mudah', 'Q201504005'),
(417, 2, 2, 'Persyaratan Pelayanan', 3, 3.00, 'Tidak Sesuai ', 'Kurang Sesuai', 'Sesuai', 'Sangat Sesuai', 'Q201504005'),
(418, 3, 3, 'Kejelasan Petugas Pelayanan', 3, 3.00, 'Tidak Jelas', 'Kurang Jelas', 'Jelas', 'Sangat Jelas', 'Q201504005'),
(419, 4, 4, 'Kedisiplinan Petugas Pelayanan', 3, 3.00, 'Tidak Disiplin', 'Kurang Disiplin', 'Disiplin', 'Sangat Disiplin', 'Q201504005'),
(420, 5, 5, 'Tanggung Jawab Petugas Pelayanan', 3, 3.00, 'Tidak Bertanggung Jawab', 'Kurang Bertanggung Jawab', 'Bertanggung Jawab', 'Sangat Bertanggung Jawab', 'Q201504005'),
(421, 6, 6, 'Kemampuan Petugas Pelayanan', 3, 3.00, 'Tidak Mampu', 'Kurang Mampu', 'Mampu', 'Sangat Mampu', 'Q201504005'),
(422, 7, 7, 'Kecepatan Pelayanan', 3, 3.00, 'Tidak Cepat', 'Kurang Cepat', 'Cepat', 'Sangat Cepat', 'Q201504005'),
(423, 8, 8, 'Keadilan Mendapatkan Pelayanan', 3, 3.00, 'Tidak Adil', 'Kurang Adil', 'Adil', 'Sangat Adil', 'Q201504005'),
(424, 9, 9, 'Kesopanan dan Keramahan Petugas', 3, 3.00, 'Tidak Sopan Dan Tidak Ramah', 'Kurang Sopan Dan Kurang Ramah', 'Sopan dan Ramah', 'Sangat Sopan Dan Sangat Ramah', 'Q201504005'),
(425, 10, 10, 'Kewajaran Biaya Pelayanan', 3, 3.00, 'Tidak Wajar', 'Kurang Wajar', 'Wajar', 'Sangat Wajar', 'Q201504005'),
(426, 11, 11, 'Kepastian Biaya Pelayanan', 3, 3.00, 'Tidak Pasti', 'Kurang Pasti', 'Pasti', 'Sangat Pasti', 'Q201504005'),
(427, 12, 12, 'Kepastian Jadwal Pelayanan', 3, 3.00, 'Tidak Pasti', 'Kurang Pasti', 'Pasti', 'Sangat Pasti', 'Q201504005'),
(428, 13, 13, 'Kenyamanan Lingkungan', 3, 3.00, 'Tidak Nyaman', 'Kurang Nyaman', 'Nyaman', 'Sangat Nyaman', 'Q201504005'),
(429, 14, 14, 'Keamanan Pelayanan', 3, 3.00, 'Tidak Aman', 'Kurang Aman', 'Aman', 'Sangat Aman', 'Q201504005'),
(431, 1, 1, 'Prosedur Pelayanan', 1, 1.00, 'Tidak Mudah', 'Kurang Mudah', 'Mudah', 'Sangat Mudah', 'Q201503005'),
(432, 2, 2, 'Persyaratan Pelayanan', 1, 1.00, 'Tidak Sesuai ', 'Kurang Sesuai', 'Sesuai', 'Sangat Sesuai', 'Q201503005'),
(433, 3, 3, 'Kejelasan Petugas Pelayanan', 1, 1.00, 'Tidak Jelas', 'Kurang Jelas', 'Jelas', 'Sangat Jelas', 'Q201503005'),
(434, 4, 4, 'Kedisiplinan Petugas Pelayanan', 1, 1.00, 'Tidak Disiplin', 'Kurang Disiplin', 'Disiplin', 'Sangat Disiplin', 'Q201503005'),
(435, 5, 5, 'Tanggung Jawab Petugas Pelayanan', 1, 1.00, 'Tidak Bertanggung Jawab', 'Kurang Bertanggung Jawab', 'Bertanggung Jawab', 'Sangat Bertanggung Jawab', 'Q201503005'),
(436, 6, 6, 'Kemampuan Petugas Pelayanan', 1, 1.00, 'Tidak Mampu', 'Kurang Mampu', 'Mampu', 'Sangat Mampu', 'Q201503005'),
(437, 7, 7, 'Kecepatan Pelayanan', 1, 1.00, 'Tidak Cepat', 'Kurang Cepat', 'Cepat', 'Sangat Cepat', 'Q201503005'),
(438, 8, 8, 'Keadilan Mendapatkan Pelayanan', 1, 1.00, 'Tidak Adil', 'Kurang Adil', 'Adil', 'Sangat Adil', 'Q201503005'),
(439, 9, 9, 'Kesopanan dan Keramahan Petugas', 1, 1.00, 'Tidak Sopan Dan Tidak Ramah', 'Kurang Sopan Dan Kurang Ramah', 'Sopan dan Ramah', 'Sangat Sopan Dan Sangat Ramah', 'Q201503005'),
(440, 10, 10, 'Kewajaran Biaya Pelayanan', 1, 1.00, 'Tidak Wajar', 'Kurang Wajar', 'Wajar', 'Sangat Wajar', 'Q201503005'),
(441, 11, 11, 'Kepastian Biaya Pelayanan', 1, 1.00, 'Tidak Pasti', 'Kurang Pasti', 'Pasti', 'Sangat Pasti', 'Q201503005'),
(442, 12, 12, 'Kepastian Jadwal Pelayanan', 1, 1.00, 'Tidak Pasti', 'Kurang Pasti', 'Pasti', 'Sangat Pasti', 'Q201503005'),
(443, 13, 13, 'Kenyamanan Lingkungan', 1, 1.00, 'Tidak Nyaman', 'Kurang Nyaman', 'Nyaman', 'Sangat Nyaman', 'Q201503005'),
(444, 14, 14, 'Keamanan Pelayanan', 1, 1.00, 'Tidak Aman', 'Kurang Aman', 'Aman', 'Sangat Aman', 'Q201503005'),
(446, 1, 1, 'Prosedur Pelayanan', 3, 3.00, 'Tidak Mudah', 'Kurang Mudah', 'Mudah', 'Sangat Mudah', 'Q201502005'),
(447, 2, 2, 'Persyaratan Pelayanan', 3, 3.00, 'Tidak Sesuai ', 'Kurang Sesuai', 'Sesuai', 'Sangat Sesuai', 'Q201502005'),
(448, 3, 3, 'Kejelasan Petugas Pelayanan', 3, 3.00, 'Tidak Jelas', 'Kurang Jelas', 'Jelas', 'Sangat Jelas', 'Q201502005'),
(449, 4, 4, 'Kedisiplinan Petugas Pelayanan', 3, 3.00, 'Tidak Disiplin', 'Kurang Disiplin', 'Disiplin', 'Sangat Disiplin', 'Q201502005'),
(450, 5, 5, 'Tanggung Jawab Petugas Pelayanan', 3, 3.00, 'Tidak Bertanggung Jawab', 'Kurang Bertanggung Jawab', 'Bertanggung Jawab', 'Sangat Bertanggung Jawab', 'Q201502005'),
(451, 6, 6, 'Kemampuan Petugas Pelayanan', 3, 3.00, 'Tidak Mampu', 'Kurang Mampu', 'Mampu', 'Sangat Mampu', 'Q201502005'),
(452, 7, 7, 'Kecepatan Pelayanan', 3, 3.00, 'Tidak Cepat', 'Kurang Cepat', 'Cepat', 'Sangat Cepat', 'Q201502005'),
(453, 8, 8, 'Keadilan Mendapatkan Pelayanan', 3, 3.00, 'Tidak Adil', 'Kurang Adil', 'Adil', 'Sangat Adil', 'Q201502005'),
(454, 9, 9, 'Kesopanan dan Keramahan Petugas', 3, 3.00, 'Tidak Sopan Dan Tidak Ramah', 'Kurang Sopan Dan Kurang Ramah', 'Sopan dan Ramah', 'Sangat Sopan Dan Sangat Ramah', 'Q201502005'),
(455, 10, 10, 'Kewajaran Biaya Pelayanan', 3, 3.00, 'Tidak Wajar', 'Kurang Wajar', 'Wajar', 'Sangat Wajar', 'Q201502005'),
(456, 11, 11, 'Kepastian Biaya Pelayanan', 3, 3.00, 'Tidak Pasti', 'Kurang Pasti', 'Pasti', 'Sangat Pasti', 'Q201502005'),
(457, 12, 12, 'Kepastian Jadwal Pelayanan', 3, 3.00, 'Tidak Pasti', 'Kurang Pasti', 'Pasti', 'Sangat Pasti', 'Q201502005'),
(458, 13, 13, 'Kenyamanan Lingkungan', 3, 3.00, 'Tidak Nyaman', 'Kurang Nyaman', 'Nyaman', 'Sangat Nyaman', 'Q201502005'),
(459, 14, 14, 'Keamanan Pelayanan', 3, 3.00, 'Tidak Aman', 'Kurang Aman', 'Aman', 'Sangat Aman', 'Q201502005'),
(461, 1, 1, 'Prosedur Pelayanan', 1, 1.00, 'Tidak Mudah', 'Kurang Mudah', 'Mudah', 'Sangat Mudah', 'Q201501005'),
(462, 2, 2, 'Persyaratan Pelayanan', 1, 1.00, 'Tidak Sesuai ', 'Kurang Sesuai', 'Sesuai', 'Sangat Sesuai', 'Q201501005'),
(463, 3, 3, 'Kejelasan Petugas Pelayanan', 1, 1.00, 'Tidak Jelas', 'Kurang Jelas', 'Jelas', 'Sangat Jelas', 'Q201501005'),
(464, 4, 4, 'Kedisiplinan Petugas Pelayanan', 1, 1.00, 'Tidak Disiplin', 'Kurang Disiplin', 'Disiplin', 'Sangat Disiplin', 'Q201501005'),
(465, 5, 5, 'Tanggung Jawab Petugas Pelayanan', 1, 1.00, 'Tidak Bertanggung Jawab', 'Kurang Bertanggung Jawab', 'Bertanggung Jawab', 'Sangat Bertanggung Jawab', 'Q201501005'),
(466, 6, 6, 'Kemampuan Petugas Pelayanan', 1, 1.00, 'Tidak Mampu', 'Kurang Mampu', 'Mampu', 'Sangat Mampu', 'Q201501005'),
(467, 7, 7, 'Kecepatan Pelayanan', 1, 1.00, 'Tidak Cepat', 'Kurang Cepat', 'Cepat', 'Sangat Cepat', 'Q201501005'),
(468, 8, 8, 'Keadilan Mendapatkan Pelayanan', 1, 1.00, 'Tidak Adil', 'Kurang Adil', 'Adil', 'Sangat Adil', 'Q201501005'),
(469, 9, 9, 'Kesopanan dan Keramahan Petugas', 1, 1.00, 'Tidak Sopan Dan Tidak Ramah', 'Kurang Sopan Dan Kurang Ramah', 'Sopan dan Ramah', 'Sangat Sopan Dan Sangat Ramah', 'Q201501005'),
(470, 10, 10, 'Kewajaran Biaya Pelayanan', 1, 1.00, 'Tidak Wajar', 'Kurang Wajar', 'Wajar', 'Sangat Wajar', 'Q201501005'),
(471, 11, 11, 'Kepastian Biaya Pelayanan', 1, 1.00, 'Tidak Pasti', 'Kurang Pasti', 'Pasti', 'Sangat Pasti', 'Q201501005'),
(472, 12, 12, 'Kepastian Jadwal Pelayanan', 1, 1.00, 'Tidak Pasti', 'Kurang Pasti', 'Pasti', 'Sangat Pasti', 'Q201501005'),
(473, 13, 13, 'Kenyamanan Lingkungan', 1, 1.00, 'Tidak Nyaman', 'Kurang Nyaman', 'Nyaman', 'Sangat Nyaman', 'Q201501005'),
(474, 14, 14, 'Keamanan Pelayanan', 1, 1.00, 'Tidak Aman', 'Kurang Aman', 'Aman', 'Sangat Aman', 'Q201501005'),
(476, 1, 1, 'Prosedur Pelayanan', 3, 3.00, 'Tidak Mudah', 'Kurang Mudah', 'Mudah', 'Sangat Mudah', 'Q201605005'),
(477, 2, 2, 'Persyaratan Pelayanan', 3, 3.00, 'Tidak Sesuai ', 'Kurang Sesuai', 'Sesuai', 'Sangat Sesuai', 'Q201605005'),
(478, 3, 3, 'Kejelasan Petugas Pelayanan', 3, 3.00, 'Tidak Jelas', 'Kurang Jelas', 'Jelas', 'Sangat Jelas', 'Q201605005'),
(479, 4, 4, 'Kedisiplinan Petugas Pelayanan', 3, 3.00, 'Tidak Disiplin', 'Kurang Disiplin', 'Disiplin', 'Sangat Disiplin', 'Q201605005'),
(480, 5, 5, 'Tanggung Jawab Petugas Pelayanan', 3, 3.00, 'Tidak Bertanggung Jawab', 'Kurang Bertanggung Jawab', 'Bertanggung Jawab', 'Sangat Bertanggung Jawab', 'Q201605005'),
(481, 6, 6, 'Kemampuan Petugas Pelayanan', 3, 3.00, 'Tidak Mampu', 'Kurang Mampu', 'Mampu', 'Sangat Mampu', 'Q201605005'),
(482, 7, 7, 'Kecepatan Pelayanan', 3, 3.00, 'Tidak Cepat', 'Kurang Cepat', 'Cepat', 'Sangat Cepat', 'Q201605005'),
(483, 8, 8, 'Keadilan Mendapatkan Pelayanan', 3, 3.00, 'Tidak Adil', 'Kurang Adil', 'Adil', 'Sangat Adil', 'Q201605005'),
(484, 9, 9, 'Kesopanan dan Keramahan Petugas', 3, 3.00, 'Tidak Sopan Dan Tidak Ramah', 'Kurang Sopan Dan Kurang Ramah', 'Sopan dan Ramah', 'Sangat Sopan Dan Sangat Ramah', 'Q201605005'),
(485, 10, 10, 'Kewajaran Biaya Pelayanan', 3, 3.00, 'Tidak Wajar', 'Kurang Wajar', 'Wajar', 'Sangat Wajar', 'Q201605005'),
(486, 11, 11, 'Kepastian Biaya Pelayanan', 3, 3.00, 'Tidak Pasti', 'Kurang Pasti', 'Pasti', 'Sangat Pasti', 'Q201605005'),
(487, 12, 12, 'Kepastian Jadwal Pelayanan', 3, 3.00, 'Tidak Pasti', 'Kurang Pasti', 'Pasti', 'Sangat Pasti', 'Q201605005'),
(488, 13, 13, 'Kenyamanan Lingkungan', 3, 3.00, 'Tidak Nyaman', 'Kurang Nyaman', 'Nyaman', 'Sangat Nyaman', 'Q201605005'),
(489, 14, 14, 'Keamanan Pelayanan', 3, 3.00, 'Tidak Aman', 'Kurang Aman', 'Aman', 'Sangat Aman', 'Q201605005'),
(490, 1, 1, 'Prosedur Pelayanan', 4, 4.00, 'Tidak Mudah', 'Kurang Mudah', 'Mudah', 'Sangat Mudah', 'Q201607006'),
(491, 2, 2, 'Persyaratan Pelayanan', 4, 4.00, 'Tidak Sesuai ', 'Kurang Sesuai', 'Sesuai', 'Sangat Sesuai', 'Q201607006'),
(492, 3, 3, 'Kejelasan Petugas Pelayanan', 4, 4.00, 'Tidak Jelas', 'Kurang Jelas', 'Jelas', 'Sangat Jelas', 'Q201607006'),
(493, 4, 4, 'Kedisiplinan Petugas Pelayanan', 4, 4.00, 'Tidak Disiplin', 'Kurang Disiplin', 'Disiplin', 'Sangat Disiplin', 'Q201607006'),
(494, 5, 5, 'Tanggung Jawab Petugas Pelayanan', 4, 4.00, 'Tidak Bertanggung Jawab', 'Kurang Bertanggung Jawab', 'Bertanggung Jawab', 'Sangat Bertanggung Jawab', 'Q201607006'),
(495, 6, 6, 'Kemampuan Petugas Pelayanan', 4, 4.00, 'Tidak Mampu', 'Kurang Mampu', 'Mampu', 'Sangat Mampu', 'Q201607006'),
(496, 7, 7, 'Kecepatan Pelayanan', 4, 4.00, 'Tidak Cepat', 'Kurang Cepat', 'Cepat', 'Sangat Cepat', 'Q201607006'),
(497, 8, 8, 'Keadilan Mendapatkan Pelayanan', 4, 4.00, 'Tidak Adil', 'Kurang Adil', 'Adil', 'Sangat Adil', 'Q201607006'),
(498, 9, 9, 'Kesopanan dan Keramahan Petugas', 4, 4.00, 'Tidak Sopan Dan Tidak Ramah', 'Kurang Sopan Dan Kurang Ramah', 'Sopan dan Ramah', 'Sangat Sopan Dan Sangat Ramah', 'Q201607006'),
(499, 10, 10, 'Kewajaran Biaya Pelayanan', 4, 4.00, 'Tidak Wajar', 'Kurang Wajar', 'Wajar', 'Sangat Wajar', 'Q201607006'),
(500, 11, 11, 'Kepastian Biaya Pelayanan', 4, 4.00, 'Tidak Pasti', 'Kurang Pasti', 'Pasti', 'Sangat Pasti', 'Q201607006'),
(501, 12, 12, 'Kepastian Jadwal Pelayanan', 4, 4.00, 'Tidak Pasti', 'Kurang Pasti', 'Pasti', 'Sangat Pasti', 'Q201607006'),
(502, 13, 13, 'Kenyamanan Lingkungan', 4, 4.00, 'Tidak Nyaman', 'Kurang Nyaman', 'Nyaman', 'Sangat Nyaman', 'Q201607006'),
(503, 14, 14, 'Keamanan Pelayanan', 4, 4.00, 'Tidak Aman', 'Kurang Aman', 'Aman', 'Sangat Aman', 'Q201607006'),
(505, 1, 1, 'Prosedur Pelayanan', 2, 2.00, 'Tidak Mudah', 'Kurang Mudah', 'Mudah', 'Sangat Mudah', 'Q201606007'),
(506, 2, 2, 'Persyaratan Pelayanan', 2, 2.00, 'Tidak Sesuai ', 'Kurang Sesuai', 'Sesuai', 'Sangat Sesuai', 'Q201606007'),
(507, 3, 3, 'Kejelasan Petugas Pelayanan', 2, 2.00, 'Tidak Jelas', 'Kurang Jelas', 'Jelas', 'Sangat Jelas', 'Q201606007'),
(508, 4, 4, 'Kedisiplinan Petugas Pelayanan', 2, 2.00, 'Tidak Disiplin', 'Kurang Disiplin', 'Disiplin', 'Sangat Disiplin', 'Q201606007'),
(509, 5, 5, 'Tanggung Jawab Petugas Pelayanan', 2, 2.00, 'Tidak Bertanggung Jawab', 'Kurang Bertanggung Jawab', 'Bertanggung Jawab', 'Sangat Bertanggung Jawab', 'Q201606007'),
(510, 6, 6, 'Kemampuan Petugas Pelayanan', 2, 2.00, 'Tidak Mampu', 'Kurang Mampu', 'Mampu', 'Sangat Mampu', 'Q201606007'),
(511, 7, 7, 'Kecepatan Pelayanan', 2, 2.00, 'Tidak Cepat', 'Kurang Cepat', 'Cepat', 'Sangat Cepat', 'Q201606007'),
(512, 8, 8, 'Keadilan Mendapatkan Pelayanan', 2, 2.00, 'Tidak Adil', 'Kurang Adil', 'Adil', 'Sangat Adil', 'Q201606007'),
(513, 9, 9, 'Kesopanan dan Keramahan Petugas', 2, 2.00, 'Tidak Sopan Dan Tidak Ramah', 'Kurang Sopan Dan Kurang Ramah', 'Sopan dan Ramah', 'Sangat Sopan Dan Sangat Ramah', 'Q201606007'),
(514, 10, 10, 'Kewajaran Biaya Pelayanan', 2, 2.00, 'Tidak Wajar', 'Kurang Wajar', 'Wajar', 'Sangat Wajar', 'Q201606007'),
(515, 11, 11, 'Kepastian Biaya Pelayanan', 2, 2.00, 'Tidak Pasti', 'Kurang Pasti', 'Pasti', 'Sangat Pasti', 'Q201606007'),
(516, 12, 12, 'Kepastian Jadwal Pelayanan', 2, 2.00, 'Tidak Pasti', 'Kurang Pasti', 'Pasti', 'Sangat Pasti', 'Q201606007'),
(517, 13, 13, 'Kenyamanan Lingkungan', 2, 2.00, 'Tidak Nyaman', 'Kurang Nyaman', 'Nyaman', 'Sangat Nyaman', 'Q201606007'),
(518, 14, 14, 'Keamanan Pelayanan', 2, 2.00, 'Tidak Aman', 'Kurang Aman', 'Aman', 'Sangat Aman', 'Q201606007'),
(520, 1, 1, 'Prosedur Pelayanan', 1, 1.00, 'Tidak Mudah', 'Kurang Mudah', 'Mudah', 'Sangat Mudah', 'Q201608007'),
(521, 2, 2, 'Persyaratan Pelayanan', 1, 1.00, 'Tidak Sesuai ', 'Kurang Sesuai', 'Sesuai', 'Sangat Sesuai', 'Q201608007'),
(522, 3, 3, 'Kejelasan Petugas Pelayanan', 1, 1.00, 'Tidak Jelas', 'Kurang Jelas', 'Jelas', 'Sangat Jelas', 'Q201608007'),
(523, 4, 4, 'Kedisiplinan Petugas Pelayanan', 1, 1.00, 'Tidak Disiplin', 'Kurang Disiplin', 'Disiplin', 'Sangat Disiplin', 'Q201608007'),
(524, 5, 5, 'Tanggung Jawab Petugas Pelayanan', 1, 1.00, 'Tidak Bertanggung Jawab', 'Kurang Bertanggung Jawab', 'Bertanggung Jawab', 'Sangat Bertanggung Jawab', 'Q201608007'),
(525, 6, 6, 'Kemampuan Petugas Pelayanan', 1, 1.00, 'Tidak Mampu', 'Kurang Mampu', 'Mampu', 'Sangat Mampu', 'Q201608007'),
(526, 7, 7, 'Kecepatan Pelayanan', 1, 1.00, 'Tidak Cepat', 'Kurang Cepat', 'Cepat', 'Sangat Cepat', 'Q201608007'),
(527, 8, 8, 'Keadilan Mendapatkan Pelayanan', 1, 1.00, 'Tidak Adil', 'Kurang Adil', 'Adil', 'Sangat Adil', 'Q201608007'),
(528, 9, 9, 'Kesopanan dan Keramahan Petugas', 1, 1.00, 'Tidak Sopan Dan Tidak Ramah', 'Kurang Sopan Dan Kurang Ramah', 'Sopan dan Ramah', 'Sangat Sopan Dan Sangat Ramah', 'Q201608007'),
(529, 10, 10, 'Kewajaran Biaya Pelayanan', 1, 1.00, 'Tidak Wajar', 'Kurang Wajar', 'Wajar', 'Sangat Wajar', 'Q201608007'),
(530, 11, 11, 'Kepastian Biaya Pelayanan', 1, 1.00, 'Tidak Pasti', 'Kurang Pasti', 'Pasti', 'Sangat Pasti', 'Q201608007'),
(531, 12, 12, 'Kepastian Jadwal Pelayanan', 1, 1.00, 'Tidak Pasti', 'Kurang Pasti', 'Pasti', 'Sangat Pasti', 'Q201608007'),
(532, 13, 13, 'Kenyamanan Lingkungan', 1, 1.00, 'Tidak Nyaman', 'Kurang Nyaman', 'Nyaman', 'Sangat Nyaman', 'Q201608007'),
(533, 14, 14, 'Keamanan Pelayanan', 1, 1.00, 'Tidak Aman', 'Kurang Aman', 'Aman', 'Sangat Aman', 'Q201608007'),
(535, 1, 1, 'Prosedur Pelayanan', 2, 2.00, 'Tidak Mudah', 'Kurang Mudah', 'Mudah', 'Sangat Mudah', 'Q201609008'),
(536, 2, 2, 'Persyaratan Pelayanan', 2, 2.00, 'Tidak Sesuai ', 'Kurang Sesuai', 'Sesuai', 'Sangat Sesuai', 'Q201609008'),
(537, 3, 3, 'Kejelasan Petugas Pelayanan', 2, 2.00, 'Tidak Jelas', 'Kurang Jelas', 'Jelas', 'Sangat Jelas', 'Q201609008'),
(538, 4, 4, 'Kedisiplinan Petugas Pelayanan', 2, 2.00, 'Tidak Disiplin', 'Kurang Disiplin', 'Disiplin', 'Sangat Disiplin', 'Q201609008'),
(539, 5, 5, 'Tanggung Jawab Petugas Pelayanan', 2, 2.00, 'Tidak Bertanggung Jawab', 'Kurang Bertanggung Jawab', 'Bertanggung Jawab', 'Sangat Bertanggung Jawab', 'Q201609008'),
(540, 6, 6, 'Kemampuan Petugas Pelayanan', 2, 2.00, 'Tidak Mampu', 'Kurang Mampu', 'Mampu', 'Sangat Mampu', 'Q201609008'),
(541, 7, 7, 'Kecepatan Pelayanan', 2, 2.00, 'Tidak Cepat', 'Kurang Cepat', 'Cepat', 'Sangat Cepat', 'Q201609008'),
(542, 8, 8, 'Keadilan Mendapatkan Pelayanan', 2, 2.00, 'Tidak Adil', 'Kurang Adil', 'Adil', 'Sangat Adil', 'Q201609008'),
(543, 9, 9, 'Kesopanan dan Keramahan Petugas', 2, 2.00, 'Tidak Sopan Dan Tidak Ramah', 'Kurang Sopan Dan Kurang Ramah', 'Sopan dan Ramah', 'Sangat Sopan Dan Sangat Ramah', 'Q201609008'),
(544, 10, 10, 'Kewajaran Biaya Pelayanan', 2, 2.00, 'Tidak Wajar', 'Kurang Wajar', 'Wajar', 'Sangat Wajar', 'Q201609008'),
(545, 11, 11, 'Kepastian Biaya Pelayanan', 2, 2.00, 'Tidak Pasti', 'Kurang Pasti', 'Pasti', 'Sangat Pasti', 'Q201609008'),
(546, 12, 12, 'Kepastian Jadwal Pelayanan', 2, 2.00, 'Tidak Pasti', 'Kurang Pasti', 'Pasti', 'Sangat Pasti', 'Q201609008'),
(547, 13, 13, 'Kenyamanan Lingkungan', 2, 2.00, 'Tidak Nyaman', 'Kurang Nyaman', 'Nyaman', 'Sangat Nyaman', 'Q201609008'),
(548, 14, 14, 'Keamanan Pelayanan', 2, 2.00, 'Tidak Aman', 'Kurang Aman', 'Aman', 'Sangat Aman', 'Q201609008'),
(550, 1, 1, 'Prosedur Pelayanan', 3, 3.00, 'Tidak Mudah', 'Kurang Mudah', 'Mudah', 'Sangat Mudah', 'Q201610009'),
(551, 2, 2, 'Persyaratan Pelayanan', 3, 3.00, 'Tidak Sesuai ', 'Kurang Sesuai', 'Sesuai', 'Sangat Sesuai', 'Q201610009'),
(552, 3, 3, 'Kejelasan Petugas Pelayanan', 3, 3.00, 'Tidak Jelas', 'Kurang Jelas', 'Jelas', 'Sangat Jelas', 'Q201610009'),
(553, 4, 4, 'Kedisiplinan Petugas Pelayanan', 3, 3.00, 'Tidak Disiplin', 'Kurang Disiplin', 'Disiplin', 'Sangat Disiplin', 'Q201610009'),
(554, 5, 5, 'Tanggung Jawab Petugas Pelayanan', 3, 3.00, 'Tidak Bertanggung Jawab', 'Kurang Bertanggung Jawab', 'Bertanggung Jawab', 'Sangat Bertanggung Jawab', 'Q201610009'),
(555, 6, 6, 'Kemampuan Petugas Pelayanan', 3, 3.00, 'Tidak Mampu', 'Kurang Mampu', 'Mampu', 'Sangat Mampu', 'Q201610009'),
(556, 7, 7, 'Kecepatan Pelayanan', 3, 3.00, 'Tidak Cepat', 'Kurang Cepat', 'Cepat', 'Sangat Cepat', 'Q201610009'),
(557, 8, 8, 'Keadilan Mendapatkan Pelayanan', 3, 3.00, 'Tidak Adil', 'Kurang Adil', 'Adil', 'Sangat Adil', 'Q201610009'),
(558, 9, 9, 'Kesopanan dan Keramahan Petugas', 3, 3.00, 'Tidak Sopan Dan Tidak Ramah', 'Kurang Sopan Dan Kurang Ramah', 'Sopan dan Ramah', 'Sangat Sopan Dan Sangat Ramah', 'Q201610009'),
(559, 10, 10, 'Kewajaran Biaya Pelayanan', 3, 3.00, 'Tidak Wajar', 'Kurang Wajar', 'Wajar', 'Sangat Wajar', 'Q201610009'),
(560, 11, 11, 'Kepastian Biaya Pelayanan', 3, 3.00, 'Tidak Pasti', 'Kurang Pasti', 'Pasti', 'Sangat Pasti', 'Q201610009'),
(561, 12, 12, 'Kepastian Jadwal Pelayanan', 3, 3.00, 'Tidak Pasti', 'Kurang Pasti', 'Pasti', 'Sangat Pasti', 'Q201610009'),
(562, 13, 13, 'Kenyamanan Lingkungan', 3, 3.00, 'Tidak Nyaman', 'Kurang Nyaman', 'Nyaman', 'Sangat Nyaman', 'Q201610009'),
(563, 14, 14, 'Keamanan Pelayanan', 3, 3.00, 'Tidak Aman', 'Kurang Aman', 'Aman', 'Sangat Aman', 'Q201610009'),
(565, 1, 1, 'Prosedur Pelayanan', 2, 2.00, 'Tidak Mudah', 'Kurang Mudah', 'Mudah', 'Sangat Mudah', 'Q201611010'),
(566, 2, 2, 'Persyaratan Pelayanan', 2, 2.00, 'Tidak Sesuai ', 'Kurang Sesuai', 'Sesuai', 'Sangat Sesuai', 'Q201611010'),
(567, 3, 3, 'Kejelasan Petugas Pelayanan', 2, 2.00, 'Tidak Jelas', 'Kurang Jelas', 'Jelas', 'Sangat Jelas', 'Q201611010'),
(568, 4, 4, 'Kedisiplinan Petugas Pelayanan', 2, 2.00, 'Tidak Disiplin', 'Kurang Disiplin', 'Disiplin', 'Sangat Disiplin', 'Q201611010'),
(569, 5, 5, 'Tanggung Jawab Petugas Pelayanan', 2, 2.00, 'Tidak Bertanggung Jawab', 'Kurang Bertanggung Jawab', 'Bertanggung Jawab', 'Sangat Bertanggung Jawab', 'Q201611010'),
(570, 6, 6, 'Kemampuan Petugas Pelayanan', 2, 2.00, 'Tidak Mampu', 'Kurang Mampu', 'Mampu', 'Sangat Mampu', 'Q201611010'),
(571, 7, 7, 'Kecepatan Pelayanan', 2, 2.00, 'Tidak Cepat', 'Kurang Cepat', 'Cepat', 'Sangat Cepat', 'Q201611010'),
(572, 8, 8, 'Keadilan Mendapatkan Pelayanan', 2, 2.00, 'Tidak Adil', 'Kurang Adil', 'Adil', 'Sangat Adil', 'Q201611010'),
(573, 9, 9, 'Kesopanan dan Keramahan Petugas', 2, 2.00, 'Tidak Sopan Dan Tidak Ramah', 'Kurang Sopan Dan Kurang Ramah', 'Sopan dan Ramah', 'Sangat Sopan Dan Sangat Ramah', 'Q201611010'),
(574, 10, 10, 'Kewajaran Biaya Pelayanan', 2, 2.00, 'Tidak Wajar', 'Kurang Wajar', 'Wajar', 'Sangat Wajar', 'Q201611010'),
(575, 11, 11, 'Kepastian Biaya Pelayanan', 2, 2.00, 'Tidak Pasti', 'Kurang Pasti', 'Pasti', 'Sangat Pasti', 'Q201611010'),
(576, 12, 12, 'Kepastian Jadwal Pelayanan', 2, 2.00, 'Tidak Pasti', 'Kurang Pasti', 'Pasti', 'Sangat Pasti', 'Q201611010'),
(577, 13, 13, 'Kenyamanan Lingkungan', 2, 2.00, 'Tidak Nyaman', 'Kurang Nyaman', 'Nyaman', 'Sangat Nyaman', 'Q201611010'),
(578, 14, 14, 'Keamanan Pelayanan', 2, 2.00, 'Tidak Aman', 'Kurang Aman', 'Aman', 'Sangat Aman', 'Q201611010'),
(580, 1, 1, 'Prosedur Pelayanan', 4, 4.00, 'Tidak Mudah', 'Kurang Mudah', 'Mudah', 'Sangat Mudah', 'Q201612011'),
(581, 2, 2, 'Persyaratan Pelayanan', 4, 4.00, 'Tidak Sesuai ', 'Kurang Sesuai', 'Sesuai', 'Sangat Sesuai', 'Q201612011'),
(582, 3, 3, 'Kejelasan Petugas Pelayanan', 4, 4.00, 'Tidak Jelas', 'Kurang Jelas', 'Jelas', 'Sangat Jelas', 'Q201612011'),
(583, 4, 4, 'Kedisiplinan Petugas Pelayanan', 4, 4.00, 'Tidak Disiplin', 'Kurang Disiplin', 'Disiplin', 'Sangat Disiplin', 'Q201612011'),
(584, 5, 5, 'Tanggung Jawab Petugas Pelayanan', 4, 4.00, 'Tidak Bertanggung Jawab', 'Kurang Bertanggung Jawab', 'Bertanggung Jawab', 'Sangat Bertanggung Jawab', 'Q201612011'),
(585, 6, 6, 'Kemampuan Petugas Pelayanan', 4, 4.00, 'Tidak Mampu', 'Kurang Mampu', 'Mampu', 'Sangat Mampu', 'Q201612011'),
(586, 7, 7, 'Kecepatan Pelayanan', 4, 4.00, 'Tidak Cepat', 'Kurang Cepat', 'Cepat', 'Sangat Cepat', 'Q201612011'),
(587, 8, 8, 'Keadilan Mendapatkan Pelayanan', 4, 4.00, 'Tidak Adil', 'Kurang Adil', 'Adil', 'Sangat Adil', 'Q201612011'),
(588, 9, 9, 'Kesopanan dan Keramahan Petugas', 4, 4.00, 'Tidak Sopan Dan Tidak Ramah', 'Kurang Sopan Dan Kurang Ramah', 'Sopan dan Ramah', 'Sangat Sopan Dan Sangat Ramah', 'Q201612011'),
(589, 10, 10, 'Kewajaran Biaya Pelayanan', 4, 4.00, 'Tidak Wajar', 'Kurang Wajar', 'Wajar', 'Sangat Wajar', 'Q201612011'),
(590, 11, 11, 'Kepastian Biaya Pelayanan', 4, 4.00, 'Tidak Pasti', 'Kurang Pasti', 'Pasti', 'Sangat Pasti', 'Q201612011'),
(591, 12, 12, 'Kepastian Jadwal Pelayanan', 4, 4.00, 'Tidak Pasti', 'Kurang Pasti', 'Pasti', 'Sangat Pasti', 'Q201612011'),
(592, 13, 13, 'Kenyamanan Lingkungan', 4, 4.00, 'Tidak Nyaman', 'Kurang Nyaman', 'Nyaman', 'Sangat Nyaman', 'Q201612011'),
(593, 14, 14, 'Keamanan Pelayanan', 4, 4.00, 'Tidak Aman', 'Kurang Aman', 'Aman', 'Sangat Aman', 'Q201612011'),
(595, 1, 1, 'Prosedur Pelayanan', 3, 3.00, 'Tidak Mudah', 'Kurang Mudah', 'Mudah', 'Sangat Mudah', 'Q201701012'),
(596, 2, 2, 'Persyaratan Pelayanan', 3, 3.00, 'Tidak Sesuai ', 'Kurang Sesuai', 'Sesuai', 'Sangat Sesuai', 'Q201701012'),
(597, 3, 3, 'Kejelasan Petugas Pelayanan', 3, 3.00, 'Tidak Jelas', 'Kurang Jelas', 'Jelas', 'Sangat Jelas', 'Q201701012'),
(598, 4, 4, 'Kedisiplinan Petugas Pelayanan', 3, 3.00, 'Tidak Disiplin', 'Kurang Disiplin', 'Disiplin', 'Sangat Disiplin', 'Q201701012'),
(599, 5, 5, 'Tanggung Jawab Petugas Pelayanan', 3, 3.00, 'Tidak Bertanggung Jawab', 'Kurang Bertanggung Jawab', 'Bertanggung Jawab', 'Sangat Bertanggung Jawab', 'Q201701012'),
(600, 6, 6, 'Kemampuan Petugas Pelayanan', 3, 3.00, 'Tidak Mampu', 'Kurang Mampu', 'Mampu', 'Sangat Mampu', 'Q201701012'),
(601, 7, 7, 'Kecepatan Pelayanan', 3, 3.00, 'Tidak Cepat', 'Kurang Cepat', 'Cepat', 'Sangat Cepat', 'Q201701012'),
(602, 8, 8, 'Keadilan Mendapatkan Pelayanan', 3, 3.00, 'Tidak Adil', 'Kurang Adil', 'Adil', 'Sangat Adil', 'Q201701012'),
(603, 9, 9, 'Kesopanan dan Keramahan Petugas', 3, 3.00, 'Tidak Sopan Dan Tidak Ramah', 'Kurang Sopan Dan Kurang Ramah', 'Sopan dan Ramah', 'Sangat Sopan Dan Sangat Ramah', 'Q201701012'),
(604, 10, 10, 'Kewajaran Biaya Pelayanan', 3, 3.00, 'Tidak Wajar', 'Kurang Wajar', 'Wajar', 'Sangat Wajar', 'Q201701012'),
(605, 11, 11, 'Kepastian Biaya Pelayanan', 3, 3.00, 'Tidak Pasti', 'Kurang Pasti', 'Pasti', 'Sangat Pasti', 'Q201701012'),
(606, 12, 12, 'Kepastian Jadwal Pelayanan', 3, 3.00, 'Tidak Pasti', 'Kurang Pasti', 'Pasti', 'Sangat Pasti', 'Q201701012'),
(607, 13, 13, 'Kenyamanan Lingkungan', 3, 3.00, 'Tidak Nyaman', 'Kurang Nyaman', 'Nyaman', 'Sangat Nyaman', 'Q201701012'),
(608, 14, 14, 'Keamanan Pelayanan', 3, 3.00, 'Tidak Aman', 'Kurang Aman', 'Aman', 'Sangat Aman', 'Q201701012');

-- --------------------------------------------------------

--
-- Struktur dari tabel `tjawaban_temp`
--

CREATE TABLE IF NOT EXISTS `tjawaban_temp` (
  `id_jawaban` int(11) NOT NULL,
  `ip_address` varchar(100) NOT NULL,
  `id_responden` varchar(13) NOT NULL,
  `tahun` int(11) NOT NULL,
  `bulan` int(11) NOT NULL,
  `id_kuesioner` int(11) NOT NULL,
  `id_kuis` int(11) NOT NULL,
  `jawaban` varchar(10) NOT NULL,
  `nilai` int(10) NOT NULL
) ENGINE=InnoDB AUTO_INCREMENT=2328 DEFAULT CHARSET=latin1;

--
-- Dumping data untuk tabel `tjawaban_temp`
--

INSERT INTO `tjawaban_temp` (`id_jawaban`, `ip_address`, `id_responden`, `tahun`, `bulan`, `id_kuesioner`, `id_kuis`, `jawaban`, `nilai`) VALUES
(1942, '::1', 'K010100000001', 2016, 1, 101, 1, 'a', 1),
(1943, '::1', 'K010100000001', 2016, 1, 101, 2, 'a', 1),
(1944, '::1', 'K010100000001', 2016, 1, 101, 3, 'a', 1),
(1945, '::1', 'K010100000001', 2016, 1, 101, 4, 'a', 1),
(1946, '::1', 'K010100000001', 2016, 1, 101, 5, 'a', 1),
(1947, '::1', 'K010100000001', 2016, 1, 101, 6, 'a', 1),
(1948, '::1', 'K010100000001', 2016, 1, 101, 7, 'a', 1),
(1949, '::1', 'K010100000001', 2016, 1, 101, 8, 'a', 1),
(1950, '::1', 'K010100000001', 2016, 1, 101, 9, 'a', 1),
(1951, '::1', 'K010100000001', 2016, 1, 101, 10, 'a', 1),
(1952, '::1', 'K010100000001', 2016, 1, 101, 11, 'a', 1),
(1953, '::1', 'K010100000001', 2016, 1, 101, 12, 'a', 1),
(1954, '::1', 'K010100000001', 2016, 1, 101, 13, 'a', 1),
(1955, '::1', 'K010100000001', 2016, 1, 101, 14, 'a', 1),
(1957, '::1', 'K020100000002', 2016, 2, 101, 1, 'b', 2),
(1958, '::1', 'K020100000002', 2016, 2, 101, 2, 'b', 2),
(1959, '::1', 'K020100000002', 2016, 2, 101, 3, 'b', 2),
(1960, '::1', 'K020100000002', 2016, 2, 101, 4, 'b', 2),
(1961, '::1', 'K020100000002', 2016, 2, 101, 5, 'b', 2),
(1962, '::1', 'K020100000002', 2016, 2, 101, 6, 'b', 2),
(1963, '::1', 'K020100000002', 2016, 2, 101, 7, 'b', 2),
(1964, '::1', 'K020100000002', 2016, 2, 101, 8, 'b', 2),
(1965, '::1', 'K020100000002', 2016, 2, 101, 9, 'b', 2),
(1966, '::1', 'K020100000002', 2016, 2, 101, 10, 'b', 2),
(1967, '::1', 'K020100000002', 2016, 2, 101, 11, 'b', 2),
(1968, '::1', 'K020100000002', 2016, 2, 101, 12, 'b', 2),
(1969, '::1', 'K020100000002', 2016, 2, 101, 13, 'b', 2),
(1970, '::1', 'K020100000002', 2016, 2, 101, 14, 'b', 2),
(1972, '::1', 'K030100000003', 2016, 3, 101, 1, 'd', 4),
(1973, '::1', 'K030100000003', 2016, 3, 101, 2, 'd', 4),
(1974, '::1', 'K030100000003', 2016, 3, 101, 3, 'd', 4),
(1975, '::1', 'K030100000003', 2016, 3, 101, 4, 'd', 4),
(1976, '::1', 'K030100000003', 2016, 3, 101, 5, 'd', 4),
(1977, '::1', 'K030100000003', 2016, 3, 101, 6, 'd', 4),
(1978, '::1', 'K030100000003', 2016, 3, 101, 7, 'd', 4),
(1979, '::1', 'K030100000003', 2016, 3, 101, 8, 'd', 4),
(1980, '::1', 'K030100000003', 2016, 3, 101, 9, 'd', 4),
(1981, '::1', 'K030100000003', 2016, 3, 101, 10, 'd', 4),
(1982, '::1', 'K030100000003', 2016, 3, 101, 11, 'd', 4),
(1983, '::1', 'K030100000003', 2016, 3, 101, 12, 'd', 4),
(1984, '::1', 'K030100000003', 2016, 3, 101, 13, 'd', 4),
(1985, '::1', 'K030100000003', 2016, 3, 101, 14, 'd', 4),
(1987, '::1', 'K040100000004', 2016, 4, 101, 1, 'c', 3),
(1988, '::1', 'K040100000004', 2016, 4, 101, 2, 'c', 3),
(1989, '::1', 'K040100000004', 2016, 4, 101, 3, 'c', 3),
(1990, '::1', 'K040100000004', 2016, 4, 101, 4, 'c', 3),
(1991, '::1', 'K040100000004', 2016, 4, 101, 5, 'c', 3),
(1992, '::1', 'K040100000004', 2016, 4, 101, 6, 'c', 3),
(1993, '::1', 'K040100000004', 2016, 4, 101, 7, 'c', 3),
(1994, '::1', 'K040100000004', 2016, 4, 101, 8, 'c', 3),
(1995, '::1', 'K040100000004', 2016, 4, 101, 9, 'c', 3),
(1996, '::1', 'K040100000004', 2016, 4, 101, 10, 'c', 3),
(1997, '::1', 'K040100000004', 2016, 4, 101, 11, 'c', 3),
(1998, '::1', 'K040100000004', 2016, 4, 101, 12, 'c', 3),
(1999, '::1', 'K040100000004', 2016, 4, 101, 13, 'c', 3),
(2000, '::1', 'K040100000004', 2016, 4, 101, 14, 'c', 3),
(2002, '::1', 'K120100000005', 2015, 12, 101, 1, 'b', 2),
(2003, '::1', 'K120100000005', 2015, 12, 101, 2, 'b', 2),
(2004, '::1', 'K120100000005', 2015, 12, 101, 3, 'b', 2),
(2005, '::1', 'K120100000005', 2015, 12, 101, 4, 'b', 2),
(2006, '::1', 'K120100000005', 2015, 12, 101, 5, 'b', 2),
(2007, '::1', 'K120100000005', 2015, 12, 101, 6, 'b', 2),
(2008, '::1', 'K120100000005', 2015, 12, 101, 7, 'b', 2),
(2009, '::1', 'K120100000005', 2015, 12, 101, 8, 'b', 2),
(2010, '::1', 'K120100000005', 2015, 12, 101, 9, 'b', 2),
(2011, '::1', 'K120100000005', 2015, 12, 101, 10, 'b', 2),
(2012, '::1', 'K120100000005', 2015, 12, 101, 11, 'b', 2),
(2013, '::1', 'K120100000005', 2015, 12, 101, 12, 'b', 2),
(2014, '::1', 'K120100000005', 2015, 12, 101, 13, 'b', 2),
(2015, '::1', 'K120100000005', 2015, 12, 101, 14, 'b', 2),
(2016, '::1', 'K110100000006', 2015, 11, 101, 1, 'a', 1),
(2017, '::1', 'K110100000006', 2015, 11, 101, 2, 'a', 1),
(2018, '::1', 'K110100000006', 2015, 11, 101, 3, 'a', 1),
(2019, '::1', 'K110100000006', 2015, 11, 101, 4, 'a', 1),
(2020, '::1', 'K110100000006', 2015, 11, 101, 5, 'a', 1),
(2021, '::1', 'K110100000006', 2015, 11, 101, 6, 'a', 1),
(2022, '::1', 'K110100000006', 2015, 11, 101, 7, 'a', 1),
(2023, '::1', 'K110100000006', 2015, 11, 101, 8, 'a', 1),
(2024, '::1', 'K110100000006', 2015, 11, 101, 9, 'a', 1),
(2025, '::1', 'K110100000006', 2015, 11, 101, 10, 'a', 1),
(2026, '::1', 'K110100000006', 2015, 11, 101, 11, 'a', 1),
(2027, '::1', 'K110100000006', 2015, 11, 101, 12, 'a', 1),
(2028, '::1', 'K110100000006', 2015, 11, 101, 13, 'a', 1),
(2029, '::1', 'K110100000006', 2015, 11, 101, 14, 'a', 1),
(2031, '::1', 'K100100000006', 2015, 10, 101, 1, 'd', 4),
(2032, '::1', 'K100100000006', 2015, 10, 101, 2, 'd', 4),
(2033, '::1', 'K100100000006', 2015, 10, 101, 3, 'd', 4),
(2034, '::1', 'K100100000006', 2015, 10, 101, 4, 'd', 4),
(2035, '::1', 'K100100000006', 2015, 10, 101, 5, 'd', 4),
(2036, '::1', 'K100100000006', 2015, 10, 101, 6, 'd', 4),
(2037, '::1', 'K100100000006', 2015, 10, 101, 7, 'd', 4),
(2038, '::1', 'K100100000006', 2015, 10, 101, 8, 'd', 4),
(2039, '::1', 'K100100000006', 2015, 10, 101, 9, 'd', 4),
(2040, '::1', 'K100100000006', 2015, 10, 101, 10, 'd', 4),
(2041, '::1', 'K100100000006', 2015, 10, 101, 11, 'd', 4),
(2042, '::1', 'K100100000006', 2015, 10, 101, 12, 'd', 4),
(2043, '::1', 'K100100000006', 2015, 10, 101, 13, 'd', 4),
(2044, '::1', 'K100100000006', 2015, 10, 101, 14, 'd', 4),
(2046, '::1', 'K090100000006', 2015, 9, 101, 1, 'b', 2),
(2047, '::1', 'K090100000006', 2015, 9, 101, 2, 'b', 2),
(2048, '::1', 'K090100000006', 2015, 9, 101, 3, 'b', 2),
(2049, '::1', 'K090100000006', 2015, 9, 101, 4, 'b', 2),
(2050, '::1', 'K090100000006', 2015, 9, 101, 5, 'b', 2),
(2051, '::1', 'K090100000006', 2015, 9, 101, 6, 'b', 2),
(2052, '::1', 'K090100000006', 2015, 9, 101, 7, 'b', 2),
(2053, '::1', 'K090100000006', 2015, 9, 101, 8, 'b', 2),
(2054, '::1', 'K090100000006', 2015, 9, 101, 9, 'b', 2),
(2055, '::1', 'K090100000006', 2015, 9, 101, 10, 'b', 2),
(2056, '::1', 'K090100000006', 2015, 9, 101, 11, 'b', 2),
(2057, '::1', 'K090100000006', 2015, 9, 101, 12, 'b', 2),
(2058, '::1', 'K090100000006', 2015, 9, 101, 13, 'b', 2),
(2059, '::1', 'K090100000006', 2015, 9, 101, 14, 'b', 2),
(2061, '::1', 'K080100000006', 2015, 8, 101, 1, 'b', 2),
(2062, '::1', 'K080100000006', 2015, 8, 101, 2, 'b', 2),
(2063, '::1', 'K080100000006', 2015, 8, 101, 3, 'b', 2),
(2064, '::1', 'K080100000006', 2015, 8, 101, 4, 'b', 2),
(2065, '::1', 'K080100000006', 2015, 8, 101, 5, 'b', 2),
(2066, '::1', 'K080100000006', 2015, 8, 101, 6, 'b', 2),
(2067, '::1', 'K080100000006', 2015, 8, 101, 7, 'b', 2),
(2068, '::1', 'K080100000006', 2015, 8, 101, 8, 'b', 2),
(2069, '::1', 'K080100000006', 2015, 8, 101, 9, 'b', 2),
(2070, '::1', 'K080100000006', 2015, 8, 101, 10, 'b', 2),
(2071, '::1', 'K080100000006', 2015, 8, 101, 11, 'b', 2),
(2072, '::1', 'K080100000006', 2015, 8, 101, 12, 'b', 2),
(2073, '::1', 'K080100000006', 2015, 8, 101, 13, 'b', 2),
(2074, '::1', 'K080100000006', 2015, 8, 101, 14, 'b', 2),
(2076, '::1', 'K070100000006', 2015, 7, 101, 1, 'a', 1),
(2077, '::1', 'K070100000006', 2015, 7, 101, 2, 'a', 1),
(2078, '::1', 'K070100000006', 2015, 7, 101, 3, 'a', 1),
(2079, '::1', 'K070100000006', 2015, 7, 101, 4, 'a', 1),
(2080, '::1', 'K070100000006', 2015, 7, 101, 5, 'a', 1),
(2081, '::1', 'K070100000006', 2015, 7, 101, 6, 'a', 1),
(2082, '::1', 'K070100000006', 2015, 7, 101, 7, 'a', 1),
(2083, '::1', 'K070100000006', 2015, 7, 101, 8, 'a', 1),
(2084, '::1', 'K070100000006', 2015, 7, 101, 9, 'a', 1),
(2085, '::1', 'K070100000006', 2015, 7, 101, 10, 'a', 1),
(2086, '::1', 'K070100000006', 2015, 7, 101, 11, 'a', 1),
(2087, '::1', 'K070100000006', 2015, 7, 101, 12, 'a', 1),
(2088, '::1', 'K070100000006', 2015, 7, 101, 13, 'a', 1),
(2089, '::1', 'K070100000006', 2015, 7, 101, 14, 'a', 1),
(2091, '::1', 'K060100000006', 2015, 6, 101, 1, 'b', 2),
(2092, '::1', 'K060100000006', 2015, 6, 101, 2, 'b', 2),
(2093, '::1', 'K060100000006', 2015, 6, 101, 3, 'b', 2),
(2094, '::1', 'K060100000006', 2015, 6, 101, 4, 'b', 2),
(2095, '::1', 'K060100000006', 2015, 6, 101, 5, 'b', 2),
(2096, '::1', 'K060100000006', 2015, 6, 101, 6, 'b', 2),
(2097, '::1', 'K060100000006', 2015, 6, 101, 7, 'b', 2),
(2098, '::1', 'K060100000006', 2015, 6, 101, 8, 'b', 2),
(2099, '::1', 'K060100000006', 2015, 6, 101, 9, 'b', 2),
(2100, '::1', 'K060100000006', 2015, 6, 101, 10, 'b', 2),
(2101, '::1', 'K060100000006', 2015, 6, 101, 11, 'b', 2),
(2102, '::1', 'K060100000006', 2015, 6, 101, 12, 'b', 2),
(2103, '::1', 'K060100000006', 2015, 6, 101, 13, 'b', 2),
(2104, '::1', 'K060100000006', 2015, 6, 101, 14, 'b', 2),
(2106, '::1', 'K050100000006', 2015, 5, 101, 1, 'c', 3),
(2107, '::1', 'K050100000006', 2015, 5, 101, 2, 'c', 3),
(2108, '::1', 'K050100000006', 2015, 5, 101, 3, 'c', 3),
(2109, '::1', 'K050100000006', 2015, 5, 101, 4, 'c', 3),
(2110, '::1', 'K050100000006', 2015, 5, 101, 5, 'c', 3),
(2111, '::1', 'K050100000006', 2015, 5, 101, 6, 'c', 3),
(2112, '::1', 'K050100000006', 2015, 5, 101, 7, 'c', 3),
(2113, '::1', 'K050100000006', 2015, 5, 101, 8, 'c', 3),
(2114, '::1', 'K050100000006', 2015, 5, 101, 9, 'c', 3),
(2115, '::1', 'K050100000006', 2015, 5, 101, 10, 'c', 3),
(2116, '::1', 'K050100000006', 2015, 5, 101, 11, 'c', 3),
(2117, '::1', 'K050100000006', 2015, 5, 101, 12, 'c', 3),
(2118, '::1', 'K050100000006', 2015, 5, 101, 13, 'c', 3),
(2119, '::1', 'K050100000006', 2015, 5, 101, 14, 'c', 3),
(2121, '::1', 'K040100000006', 2015, 4, 101, 1, 'c', 3),
(2122, '::1', 'K040100000006', 2015, 4, 101, 2, 'c', 3),
(2123, '::1', 'K040100000006', 2015, 4, 101, 3, 'c', 3),
(2124, '::1', 'K040100000006', 2015, 4, 101, 4, 'c', 3),
(2125, '::1', 'K040100000006', 2015, 4, 101, 5, 'c', 3),
(2126, '::1', 'K040100000006', 2015, 4, 101, 6, 'c', 3),
(2127, '::1', 'K040100000006', 2015, 4, 101, 7, 'c', 3),
(2128, '::1', 'K040100000006', 2015, 4, 101, 8, 'c', 3),
(2129, '::1', 'K040100000006', 2015, 4, 101, 9, 'c', 3),
(2130, '::1', 'K040100000006', 2015, 4, 101, 10, 'c', 3),
(2131, '::1', 'K040100000006', 2015, 4, 101, 11, 'c', 3),
(2132, '::1', 'K040100000006', 2015, 4, 101, 12, 'c', 3),
(2133, '::1', 'K040100000006', 2015, 4, 101, 13, 'c', 3),
(2134, '::1', 'K040100000006', 2015, 4, 101, 14, 'c', 3),
(2136, '::1', 'K030100000006', 2015, 3, 101, 1, 'a', 1),
(2137, '::1', 'K030100000006', 2015, 3, 101, 2, 'a', 1),
(2138, '::1', 'K030100000006', 2015, 3, 101, 3, 'a', 1),
(2139, '::1', 'K030100000006', 2015, 3, 101, 4, 'a', 1),
(2140, '::1', 'K030100000006', 2015, 3, 101, 5, 'a', 1),
(2141, '::1', 'K030100000006', 2015, 3, 101, 6, 'a', 1),
(2142, '::1', 'K030100000006', 2015, 3, 101, 7, 'a', 1),
(2143, '::1', 'K030100000006', 2015, 3, 101, 8, 'a', 1),
(2144, '::1', 'K030100000006', 2015, 3, 101, 9, 'a', 1),
(2145, '::1', 'K030100000006', 2015, 3, 101, 10, 'a', 1),
(2146, '::1', 'K030100000006', 2015, 3, 101, 11, 'a', 1),
(2147, '::1', 'K030100000006', 2015, 3, 101, 12, 'a', 1),
(2148, '::1', 'K030100000006', 2015, 3, 101, 13, 'a', 1),
(2149, '::1', 'K030100000006', 2015, 3, 101, 14, 'a', 1),
(2151, '::1', 'K020100000006', 2015, 2, 101, 1, 'c', 3),
(2152, '::1', 'K020100000006', 2015, 2, 101, 2, 'c', 3),
(2153, '::1', 'K020100000006', 2015, 2, 101, 3, 'c', 3),
(2154, '::1', 'K020100000006', 2015, 2, 101, 4, 'c', 3),
(2155, '::1', 'K020100000006', 2015, 2, 101, 5, 'c', 3),
(2156, '::1', 'K020100000006', 2015, 2, 101, 6, 'c', 3),
(2157, '::1', 'K020100000006', 2015, 2, 101, 7, 'c', 3),
(2158, '::1', 'K020100000006', 2015, 2, 101, 8, 'c', 3),
(2159, '::1', 'K020100000006', 2015, 2, 101, 9, 'c', 3),
(2160, '::1', 'K020100000006', 2015, 2, 101, 10, 'c', 3),
(2161, '::1', 'K020100000006', 2015, 2, 101, 11, 'c', 3),
(2162, '::1', 'K020100000006', 2015, 2, 101, 12, 'c', 3),
(2163, '::1', 'K020100000006', 2015, 2, 101, 13, 'c', 3),
(2164, '::1', 'K020100000006', 2015, 2, 101, 14, 'c', 3),
(2166, '::1', 'K010100000006', 2015, 1, 101, 1, 'a', 1),
(2167, '::1', 'K010100000006', 2015, 1, 101, 2, 'a', 1),
(2168, '::1', 'K010100000006', 2015, 1, 101, 3, 'a', 1),
(2169, '::1', 'K010100000006', 2015, 1, 101, 4, 'a', 1),
(2170, '::1', 'K010100000006', 2015, 1, 101, 5, 'a', 1),
(2171, '::1', 'K010100000006', 2015, 1, 101, 6, 'a', 1),
(2172, '::1', 'K010100000006', 2015, 1, 101, 7, 'a', 1),
(2173, '::1', 'K010100000006', 2015, 1, 101, 8, 'a', 1),
(2174, '::1', 'K010100000006', 2015, 1, 101, 9, 'a', 1),
(2175, '::1', 'K010100000006', 2015, 1, 101, 10, 'a', 1),
(2176, '::1', 'K010100000006', 2015, 1, 101, 11, 'a', 1),
(2177, '::1', 'K010100000006', 2015, 1, 101, 12, 'a', 1),
(2178, '::1', 'K010100000006', 2015, 1, 101, 13, 'a', 1),
(2179, '::1', 'K010100000006', 2015, 1, 101, 14, 'a', 1),
(2181, '::1', 'K050100000006', 2016, 5, 101, 1, 'c', 3),
(2182, '::1', 'K050100000006', 2016, 5, 101, 2, 'c', 3),
(2183, '::1', 'K050100000006', 2016, 5, 101, 3, 'c', 3),
(2184, '::1', 'K050100000006', 2016, 5, 101, 4, 'c', 3),
(2185, '::1', 'K050100000006', 2016, 5, 101, 5, 'c', 3),
(2186, '::1', 'K050100000006', 2016, 5, 101, 6, 'c', 3),
(2187, '::1', 'K050100000006', 2016, 5, 101, 7, 'c', 3),
(2188, '::1', 'K050100000006', 2016, 5, 101, 8, 'c', 3),
(2189, '::1', 'K050100000006', 2016, 5, 101, 9, 'c', 3),
(2190, '::1', 'K050100000006', 2016, 5, 101, 10, 'c', 3),
(2191, '::1', 'K050100000006', 2016, 5, 101, 11, 'c', 3),
(2192, '::1', 'K050100000006', 2016, 5, 101, 12, 'c', 3),
(2193, '::1', 'K050100000006', 2016, 5, 101, 13, 'c', 3),
(2194, '::1', 'K050100000006', 2016, 5, 101, 14, 'c', 3),
(2195, '::1', 'K070100000006', 2016, 7, 101, 1, 'd', 4),
(2196, '::1', 'K070100000006', 2016, 7, 101, 2, 'd', 4),
(2197, '::1', 'K070100000006', 2016, 7, 101, 3, 'd', 4),
(2198, '::1', 'K070100000006', 2016, 7, 101, 4, 'd', 4),
(2199, '::1', 'K070100000006', 2016, 7, 101, 5, 'd', 4),
(2200, '::1', 'K070100000006', 2016, 7, 101, 6, 'd', 4),
(2201, '::1', 'K070100000006', 2016, 7, 101, 7, 'd', 4),
(2202, '::1', 'K070100000006', 2016, 7, 101, 8, 'd', 4),
(2203, '::1', 'K070100000006', 2016, 7, 101, 9, 'd', 4),
(2204, '::1', 'K070100000006', 2016, 7, 101, 10, 'd', 4),
(2205, '::1', 'K070100000006', 2016, 7, 101, 11, 'd', 4),
(2206, '::1', 'K070100000006', 2016, 7, 101, 12, 'd', 4),
(2207, '::1', 'K070100000006', 2016, 7, 101, 13, 'd', 4),
(2208, '::1', 'K070100000006', 2016, 7, 101, 14, 'd', 4),
(2210, '::1', 'K060100000006', 2016, 6, 101, 1, 'b', 2),
(2211, '::1', 'K060100000006', 2016, 6, 101, 2, 'b', 2),
(2212, '::1', 'K060100000006', 2016, 6, 101, 3, 'b', 2),
(2213, '::1', 'K060100000006', 2016, 6, 101, 4, 'b', 2),
(2214, '::1', 'K060100000006', 2016, 6, 101, 5, 'b', 2),
(2215, '::1', 'K060100000006', 2016, 6, 101, 6, 'b', 2),
(2216, '::1', 'K060100000006', 2016, 6, 101, 7, 'b', 2),
(2217, '::1', 'K060100000006', 2016, 6, 101, 8, 'b', 2),
(2218, '::1', 'K060100000006', 2016, 6, 101, 9, 'b', 2),
(2219, '::1', 'K060100000006', 2016, 6, 101, 10, 'b', 2),
(2220, '::1', 'K060100000006', 2016, 6, 101, 11, 'b', 2),
(2221, '::1', 'K060100000006', 2016, 6, 101, 12, 'b', 2),
(2222, '::1', 'K060100000006', 2016, 6, 101, 13, 'b', 2),
(2223, '::1', 'K060100000006', 2016, 6, 101, 14, 'b', 2),
(2225, '::1', 'K080100000006', 2016, 8, 101, 1, 'a', 1),
(2226, '::1', 'K080100000006', 2016, 8, 101, 2, 'a', 1),
(2227, '::1', 'K080100000006', 2016, 8, 101, 3, 'a', 1),
(2228, '::1', 'K080100000006', 2016, 8, 101, 4, 'a', 1),
(2229, '::1', 'K080100000006', 2016, 8, 101, 5, 'a', 1),
(2230, '::1', 'K080100000006', 2016, 8, 101, 6, 'a', 1),
(2231, '::1', 'K080100000006', 2016, 8, 101, 7, 'a', 1),
(2232, '::1', 'K080100000006', 2016, 8, 101, 8, 'a', 1),
(2233, '::1', 'K080100000006', 2016, 8, 101, 9, 'a', 1),
(2234, '::1', 'K080100000006', 2016, 8, 101, 10, 'a', 1),
(2235, '::1', 'K080100000006', 2016, 8, 101, 11, 'a', 1),
(2236, '::1', 'K080100000006', 2016, 8, 101, 12, 'a', 1),
(2237, '::1', 'K080100000006', 2016, 8, 101, 13, 'a', 1),
(2238, '::1', 'K080100000006', 2016, 8, 101, 14, 'a', 1),
(2240, '::1', 'K090100000006', 2016, 9, 101, 1, 'b', 2),
(2241, '::1', 'K090100000006', 2016, 9, 101, 2, 'b', 2),
(2242, '::1', 'K090100000006', 2016, 9, 101, 3, 'b', 2),
(2243, '::1', 'K090100000006', 2016, 9, 101, 4, 'b', 2),
(2244, '::1', 'K090100000006', 2016, 9, 101, 5, 'b', 2),
(2245, '::1', 'K090100000006', 2016, 9, 101, 6, 'b', 2),
(2246, '::1', 'K090100000006', 2016, 9, 101, 7, 'b', 2),
(2247, '::1', 'K090100000006', 2016, 9, 101, 8, 'b', 2),
(2248, '::1', 'K090100000006', 2016, 9, 101, 9, 'b', 2),
(2249, '::1', 'K090100000006', 2016, 9, 101, 10, 'b', 2),
(2250, '::1', 'K090100000006', 2016, 9, 101, 11, 'b', 2),
(2251, '::1', 'K090100000006', 2016, 9, 101, 12, 'b', 2),
(2252, '::1', 'K090100000006', 2016, 9, 101, 13, 'b', 2),
(2253, '::1', 'K090100000006', 2016, 9, 101, 14, 'b', 2),
(2255, '::1', 'K100100000006', 2016, 10, 101, 1, 'c', 3),
(2256, '::1', 'K100100000006', 2016, 10, 101, 2, 'c', 3),
(2257, '::1', 'K100100000006', 2016, 10, 101, 3, 'c', 3),
(2258, '::1', 'K100100000006', 2016, 10, 101, 4, 'c', 3),
(2259, '::1', 'K100100000006', 2016, 10, 101, 5, 'c', 3),
(2260, '::1', 'K100100000006', 2016, 10, 101, 6, 'c', 3),
(2261, '::1', 'K100100000006', 2016, 10, 101, 7, 'c', 3),
(2262, '::1', 'K100100000006', 2016, 10, 101, 8, 'c', 3),
(2263, '::1', 'K100100000006', 2016, 10, 101, 9, 'c', 3),
(2264, '::1', 'K100100000006', 2016, 10, 101, 10, 'c', 3),
(2265, '::1', 'K100100000006', 2016, 10, 101, 11, 'c', 3),
(2266, '::1', 'K100100000006', 2016, 10, 101, 12, 'c', 3),
(2267, '::1', 'K100100000006', 2016, 10, 101, 13, 'c', 3),
(2268, '::1', 'K100100000006', 2016, 10, 101, 14, 'c', 3),
(2270, '::1', 'K110100000006', 2016, 11, 101, 1, 'b', 2),
(2271, '::1', 'K110100000006', 2016, 11, 101, 2, 'b', 2),
(2272, '::1', 'K110100000006', 2016, 11, 101, 3, 'b', 2),
(2273, '::1', 'K110100000006', 2016, 11, 101, 4, 'b', 2),
(2274, '::1', 'K110100000006', 2016, 11, 101, 5, 'b', 2),
(2275, '::1', 'K110100000006', 2016, 11, 101, 6, 'b', 2),
(2276, '::1', 'K110100000006', 2016, 11, 101, 7, 'b', 2),
(2277, '::1', 'K110100000006', 2016, 11, 101, 8, 'b', 2),
(2278, '::1', 'K110100000006', 2016, 11, 101, 9, 'b', 2),
(2279, '::1', 'K110100000006', 2016, 11, 101, 10, 'b', 2),
(2280, '::1', 'K110100000006', 2016, 11, 101, 11, 'b', 2),
(2281, '::1', 'K110100000006', 2016, 11, 101, 12, 'b', 2),
(2282, '::1', 'K110100000006', 2016, 11, 101, 13, 'b', 2),
(2283, '::1', 'K110100000006', 2016, 11, 101, 14, 'b', 2),
(2285, '::1', 'K120100000006', 2016, 12, 101, 1, 'd', 4),
(2286, '::1', 'K120100000006', 2016, 12, 101, 2, 'd', 4),
(2287, '::1', 'K120100000006', 2016, 12, 101, 3, 'd', 4),
(2288, '::1', 'K120100000006', 2016, 12, 101, 4, 'd', 4),
(2289, '::1', 'K120100000006', 2016, 12, 101, 5, 'd', 4),
(2290, '::1', 'K120100000006', 2016, 12, 101, 6, 'd', 4),
(2291, '::1', 'K120100000006', 2016, 12, 101, 7, 'd', 4),
(2292, '::1', 'K120100000006', 2016, 12, 101, 8, 'd', 4),
(2293, '::1', 'K120100000006', 2016, 12, 101, 9, 'd', 4),
(2294, '::1', 'K120100000006', 2016, 12, 101, 10, 'd', 4),
(2295, '::1', 'K120100000006', 2016, 12, 101, 11, 'd', 4),
(2296, '::1', 'K120100000006', 2016, 12, 101, 12, 'd', 4),
(2297, '::1', 'K120100000006', 2016, 12, 101, 13, 'd', 4),
(2298, '::1', 'K120100000006', 2016, 12, 101, 14, 'd', 4),
(2300, '::1', 'K010100000007', 2017, 1, 101, 1, 'c', 3),
(2301, '::1', 'K010100000007', 2017, 1, 101, 2, 'c', 3),
(2302, '::1', 'K010100000007', 2017, 1, 101, 3, 'c', 3),
(2303, '::1', 'K010100000007', 2017, 1, 101, 4, 'c', 3),
(2304, '::1', 'K010100000007', 2017, 1, 101, 5, 'c', 3),
(2305, '::1', 'K010100000007', 2017, 1, 101, 6, 'c', 3),
(2306, '::1', 'K010100000007', 2017, 1, 101, 7, 'c', 3),
(2307, '::1', 'K010100000007', 2017, 1, 101, 8, 'c', 3),
(2308, '::1', 'K010100000007', 2017, 1, 101, 9, 'c', 3),
(2309, '::1', 'K010100000007', 2017, 1, 101, 10, 'c', 3),
(2310, '::1', 'K010100000007', 2017, 1, 101, 11, 'c', 3),
(2311, '::1', 'K010100000007', 2017, 1, 101, 12, 'c', 3),
(2312, '::1', 'K010100000007', 2017, 1, 101, 13, 'c', 3),
(2313, '::1', 'K010100000007', 2017, 1, 101, 14, 'c', 3),
(2314, '::1', 'K040700000007', 2016, 4, 101, 1, 'c', 3),
(2315, '::1', 'K040700000007', 2016, 4, 101, 2, 'c', 3),
(2316, '::1', 'K040700000007', 2016, 4, 101, 3, 'd', 4),
(2317, '::1', 'K040700000007', 2016, 4, 101, 4, 'c', 3),
(2318, '::1', 'K040700000007', 2016, 4, 101, 5, 'c', 3),
(2319, '::1', 'K040700000007', 2016, 4, 101, 6, 'c', 3),
(2320, '::1', 'K040700000007', 2016, 4, 101, 7, 'c', 3),
(2321, '::1', 'K040700000007', 2016, 4, 101, 8, 'c', 3),
(2322, '::1', 'K040700000007', 2016, 4, 101, 9, 'd', 4),
(2323, '::1', 'K040700000007', 2016, 4, 101, 10, 'c', 3),
(2324, '::1', 'K040700000007', 2016, 4, 101, 11, 'c', 3),
(2325, '::1', 'K040700000007', 2016, 4, 101, 12, 'c', 3),
(2326, '::1', 'K040700000007', 2016, 4, 101, 13, 'c', 3),
(2327, '::1', 'K040700000007', 2016, 4, 101, 14, 'c', 3);

-- --------------------------------------------------------

--
-- Struktur dari tabel `tkuesioner`
--

CREATE TABLE IF NOT EXISTS `tkuesioner` (
  `id_kuesioner` varchar(10) NOT NULL,
  `tanggal` date NOT NULL,
  `tahun` int(11) NOT NULL,
  `bulan` int(11) NOT NULL,
  `indeks` double(5,2) NOT NULL,
  `ikm` double(5,2) NOT NULL,
  `hasil_ukur` varchar(24) NOT NULL
) ENGINE=InnoDB DEFAULT CHARSET=latin1;

--
-- Dumping data untuk tabel `tkuesioner`
--

INSERT INTO `tkuesioner` (`id_kuesioner`, `tanggal`, `tahun`, `bulan`, `indeks`, `ikm`, `hasil_ukur`) VALUES
('Q201501005', '2015-01-01', 2015, 1, 1.00, 25.00, 'Sangat Tidak Baik'),
('Q201502005', '2015-02-01', 2015, 2, 3.00, 75.00, 'Baik'),
('Q201503005', '2015-03-01', 2015, 3, 1.00, 25.00, 'Sangat Tidak Baik'),
('Q201504005', '2015-04-01', 2015, 4, 3.00, 75.00, 'Baik'),
('Q201505005', '2015-05-01', 2015, 5, 3.00, 75.00, 'Baik'),
('Q201506005', '2015-06-01', 2015, 6, 2.00, 50.00, 'Tidak Baik'),
('Q201507005', '2015-07-01', 2015, 7, 1.00, 25.00, 'Sangat Tidak Baik'),
('Q201508005', '2015-08-01', 2015, 8, 2.00, 50.00, 'Tidak Baik'),
('Q201509005', '2015-09-01', 2015, 9, 2.00, 50.00, 'Tidak Baik'),
('Q201510005', '2015-10-01', 2015, 10, 4.00, 100.00, 'Sangat Baik'),
('Q201511005', '2015-11-01', 2015, 11, 1.00, 25.00, 'Sangat Tidak Baik'),
('Q201512005', '2015-12-01', 2015, 12, 2.00, 50.00, 'Tidak Baik'),
('Q201601001', '2016-01-01', 2016, 1, 1.00, 25.00, 'Sangat Tidak Baik'),
('Q201602002', '2016-02-01', 2016, 2, 2.00, 50.00, 'Tidak Baik'),
('Q201603003', '2016-03-01', 2016, 3, 4.00, 99.99, 'Sangat Baik'),
('Q201604004', '2016-04-05', 2016, 4, 3.00, 75.00, 'Baik'),
('Q201605005', '2016-05-01', 2016, 5, 3.00, 75.00, 'Baik'),
('Q201606007', '2016-06-01', 2016, 6, 2.00, 50.00, 'Tidak Baik'),
('Q201607006', '2016-07-01', 2016, 7, 4.00, 100.00, 'Sangat Baik'),
('Q201608007', '2016-08-01', 2016, 8, 1.00, 25.00, 'Sangat Tidak Baik'),
('Q201609008', '2016-09-01', 2016, 9, 2.00, 50.00, 'Tidak Baik'),
('Q201610009', '2016-10-01', 2016, 10, 3.00, 75.00, 'Baik'),
('Q201611010', '2016-11-01', 2016, 11, 2.00, 50.00, 'Tidak Baik'),
('Q201612011', '2016-12-01', 2016, 12, 4.00, 100.00, 'Sangat Baik'),
('Q201701012', '2017-01-01', 2017, 1, 3.00, 75.00, 'Baik');

-- --------------------------------------------------------

--
-- Struktur dari tabel `tkuis`
--

CREATE TABLE IF NOT EXISTS `tkuis` (
  `id_kuis` int(11) NOT NULL,
  `id_aspek` int(11) NOT NULL,
  `soal` varchar(255) NOT NULL,
  `jawaban_a` varchar(100) NOT NULL,
  `jawaban_b` varchar(100) NOT NULL,
  `jawaban_c` varchar(100) NOT NULL,
  `jawaban_d` varchar(100) NOT NULL
) ENGINE=InnoDB AUTO_INCREMENT=15 DEFAULT CHARSET=latin1;

--
-- Dumping data untuk tabel `tkuis`
--

INSERT INTO `tkuis` (`id_kuis`, `id_aspek`, `soal`, `jawaban_a`, `jawaban_b`, `jawaban_c`, `jawaban_d`) VALUES
(1, 1, 'Bagaimana tingkat kesederhanaan dan kemudahan prosedur pelayanan?', 'Tidak Mudah', 'Kurang Mudah', 'Mudah', 'Sangat Mudah'),
(2, 2, 'Bagaimana tingkat kemudahan dan kejelasan dalam mengurus persyaratan pelayanan?', 'Tidak Sesuai ', 'Kurang Sesuai', 'Sesuai', 'Sangat Sesuai'),
(3, 3, 'Bagaimana tingkat kejelasan petugas dalam memberikan informasi kepada masyarakat?', 'Tidak Jelas', 'Kurang Jelas', 'Jelas', 'Sangat Jelas'),
(4, 4, 'Bagaimana tingkat ketepatan waktu petugas dalam menyelesaikan suatu pelayanan?', 'Tidak Disiplin', 'Kurang Disiplin', 'Disiplin', 'Sangat Disiplin'),
(5, 5, 'Bagaimana tingkat kejelasan dan kepastian tanggung jawab petugas pelayanan?', 'Tidak Bertanggung Jawab', 'Kurang Bertanggung Jawab', 'Bertanggung Jawab', 'Sangat Bertanggung Jawab'),
(6, 6, 'Bagaimana tingkat kemampuan fisik dan intelektual petugas pelayanan?', 'Tidak Mampu', 'Kurang Mampu', 'Mampu', 'Sangat Mampu'),
(7, 7, 'Bagaimana tingkat ketepatan waktu proses pelayanan?', 'Tidak Cepat', 'Kurang Cepat', 'Cepat', 'Sangat Cepat'),
(8, 8, 'Bagaimana tingkat kesamaan perlakuan dalam mendapatkan pelayanan?', 'Tidak Adil', 'Kurang Adil', 'Adil', 'Sangat Adil'),
(9, 9, 'Bagaimana tingkat kesopanan dan keramahan serta saling menghargai dan menghormati yang dilakukan oleh petugas pelayanan?', 'Tidak Sopan Dan Tidak Ramah', 'Kurang Sopan Dan Kurang Ramah', 'Sopan dan Ramah', 'Sangat Sopan Dan Sangat Ramah'),
(10, 10, 'Bagaimana tingkat kewajaran biaya pelayanan dengan hasil pelayanan?', 'Tidak Wajar', 'Kurang Wajar', 'Wajar', 'Sangat Wajar'),
(11, 11, 'Bagaimana tingkat kesesuaian biaya pelayanan yang dibayarkan dan biaya pelayanan yang ditetapkan?', 'Tidak Pasti', 'Kurang Pasti', 'Pasti', 'Sangat Pasti'),
(12, 12, 'Bagaimana tingkat keandalan atau ketepatan jadwal pelayanan?', 'Tidak Pasti', 'Kurang Pasti', 'Pasti', 'Sangat Pasti'),
(13, 13, 'Bagaimana tingkat sarana dan prasarana serta kebersihan lingkungan tempat pelayanan?', 'Tidak Nyaman', 'Kurang Nyaman', 'Nyaman', 'Sangat Nyaman'),
(14, 14, 'Bagaimana tingkat keamanan lingkungan tempat pelayanan?', 'Tidak Aman', 'Kurang Aman', 'Aman', 'Sangat Aman');

-- --------------------------------------------------------

--
-- Struktur dari tabel `tpengguna`
--

CREATE TABLE IF NOT EXISTS `tpengguna` (
  `id_admin` int(3) NOT NULL,
  `nama` varchar(50) NOT NULL,
  `alamat` varchar(100) NOT NULL,
  `no_telpon` varchar(12) NOT NULL,
  `username` varchar(16) NOT NULL,
  `password` varchar(100) NOT NULL,
  `pass_view` varchar(100) NOT NULL,
  `level` varchar(17) NOT NULL
) ENGINE=InnoDB AUTO_INCREMENT=17 DEFAULT CHARSET=latin1;

--
-- Dumping data untuk tabel `tpengguna`
--

INSERT INTO `tpengguna` (`id_admin`, `nama`, `alamat`, `no_telpon`, `username`, `password`, `pass_view`, `level`) VALUES
(3, 'Admin', 'Banjarbaru', '05117458888', 'admin', '202cb962ac59075b964b07152d234b70', '123', '1'),
(4, 'Ade Irawan Danu Saputra', 'Banjarbaru', '087888037842', 'ade', 'a562cfa07c2b1213b3a5c99b756fc206', 'ade', '1'),
(5, 'Jusvi Zaldi', 'Martapura', '085257289812', 'jusvi', 'f6da4bf92bd7fc9c4b3e9a1349bf8dbb', 'jusvi', '1'),
(6, 'Helmy Nazar', 'Banjarbaru', '087822841092', 'helmy', '413be8ffa930ad1b82d0b2bd8dbb1f5f', 'helmy', '1'),
(7, 'Faudha Nur Sidiq', 'Banjarbaru', '085602981345', 'faudha', 'a4502fa05327b16c8924fa2fe641ea46', 'faudha', '1'),
(8, 'Ahmad Fauzi', 'Martapura', '085276553482', 'fauzi', '0bd9897bf12294ce35fdc0e21065c8a7', 'fauzi', '1'),
(9, 'Maulana A', 'Banjarbaru', '085259284423', 'maulana', 'aff4b352312d5569903d88e0e68d3fbb', 'maulana', '1'),
(10, 'Bakhtiar', 'Banjarbaru', '085754057667', 'bakhtiar', 'c1b6faa2d64cfb54362b01c272e9e9e4', 'bakhtiar', '1'),
(11, 'Denny Hamdani', 'Banjarbaru', '081349619527', 'denny', '3425f115ee1ecf591fb06d635c37d990', 'denny', '1'),
(12, 'Banjarbaru', '082378237777', 'eko', '202cb962ac59075b', '123', '1', ''),
(13, 'Banjarbaru', '082378237777', 'eko', '202cb962ac59075b', '123', '1', ''),
(14, 'Banjarbaru', '082378237777', 'eko', '202cb962ac59075b', '123', '1', ''),
(15, 'Banjarbaru', '081212232323', 'eko', '202cb962ac59075b', '123', '1', ''),
(16, 'Aji', 'Banjarbaru', '083434912999', 'aji', '202cb962ac59075b964b07152d234b70', '123', '1');

-- --------------------------------------------------------

--
-- Struktur dari tabel `ttestimoni`
--

CREATE TABLE IF NOT EXISTS `ttestimoni` (
  `kd_bt` int(10) NOT NULL,
  `nama` text NOT NULL,
  `tanggal` timestamp NOT NULL DEFAULT CURRENT_TIMESTAMP,
  `email` varchar(32) NOT NULL,
  `pesan` text NOT NULL,
  `tampilkan` varchar(10) NOT NULL DEFAULT 'belum'
) ENGINE=InnoDB AUTO_INCREMENT=5 DEFAULT CHARSET=latin1;

--
-- Dumping data untuk tabel `ttestimoni`
--

INSERT INTO `ttestimoni` (`kd_bt`, `nama`, `tanggal`, `email`, `pesan`, `tampilkan`) VALUES
(3, 'Dayat', '2016-02-14 16:00:00', 'dayat@gmail.com', 'Pelayanannya cukup memuaskan', '1'),
(4, 'Budi', '2016-02-14 16:00:00', 'budi@gmail.com', 'Pelayanan capil buruk', '1');

-- --------------------------------------------------------

--
-- Struktur dari tabel `tunsur`
--

CREATE TABLE IF NOT EXISTS `tunsur` (
  `id_unsur` int(11) NOT NULL,
  `id_kuisoner` varchar(10) NOT NULL,
  `id_aspek` int(11) NOT NULL,
  `bobot` int(11) NOT NULL,
  `nilai` double(4,2) NOT NULL,
  `hasil_ukur` varchar(32) NOT NULL
) ENGINE=InnoDB DEFAULT CHARSET=latin1;

--
-- Indexes for dumped tables
--

--
-- Indexes for table `taspek`
--
ALTER TABLE `taspek`
  ADD PRIMARY KEY (`id_aspek`);

--
-- Indexes for table `tjawaban`
--
ALTER TABLE `tjawaban`
  ADD PRIMARY KEY (`id_jawaban`),
  ADD KEY `id_kuisoner` (`id_kuesioner`),
  ADD KEY `id_kuis` (`id_kuis`);

--
-- Indexes for table `tjawaban_group`
--
ALTER TABLE `tjawaban_group`
  ADD PRIMARY KEY (`id_jawaban_group`),
  ADD KEY `id_kuis` (`id_kuis`);

--
-- Indexes for table `tjawaban_temp`
--
ALTER TABLE `tjawaban_temp`
  ADD PRIMARY KEY (`id_jawaban`),
  ADD KEY `id_kuisoner` (`id_kuesioner`),
  ADD KEY `id_kuis` (`id_kuis`);

--
-- Indexes for table `tkuesioner`
--
ALTER TABLE `tkuesioner`
  ADD PRIMARY KEY (`id_kuesioner`);

--
-- Indexes for table `tkuis`
--
ALTER TABLE `tkuis`
  ADD PRIMARY KEY (`id_kuis`),
  ADD KEY `id_aspek` (`id_aspek`);

--
-- Indexes for table `tpengguna`
--
ALTER TABLE `tpengguna`
  ADD PRIMARY KEY (`id_admin`);

--
-- Indexes for table `ttestimoni`
--
ALTER TABLE `ttestimoni`
  ADD PRIMARY KEY (`kd_bt`);

--
-- Indexes for table `tunsur`
--
ALTER TABLE `tunsur`
  ADD PRIMARY KEY (`id_unsur`);

--
-- AUTO_INCREMENT for dumped tables
--

--
-- AUTO_INCREMENT for table `taspek`
--
ALTER TABLE `taspek`
  MODIFY `id_aspek` int(11) NOT NULL AUTO_INCREMENT,AUTO_INCREMENT=15;
--
-- AUTO_INCREMENT for table `tjawaban`
--
ALTER TABLE `tjawaban`
  MODIFY `id_jawaban` int(11) NOT NULL AUTO_INCREMENT,AUTO_INCREMENT=2329;
--
-- AUTO_INCREMENT for table `tjawaban_group`
--
ALTER TABLE `tjawaban_group`
  MODIFY `id_jawaban_group` int(11) NOT NULL AUTO_INCREMENT,AUTO_INCREMENT=609;
--
-- AUTO_INCREMENT for table `tjawaban_temp`
--
ALTER TABLE `tjawaban_temp`
  MODIFY `id_jawaban` int(11) NOT NULL AUTO_INCREMENT,AUTO_INCREMENT=2328;
--
-- AUTO_INCREMENT for table `tkuis`
--
ALTER TABLE `tkuis`
  MODIFY `id_kuis` int(11) NOT NULL AUTO_INCREMENT,AUTO_INCREMENT=15;
--
-- AUTO_INCREMENT for table `tpengguna`
--
ALTER TABLE `tpengguna`
  MODIFY `id_admin` int(3) NOT NULL AUTO_INCREMENT,AUTO_INCREMENT=17;
--
-- AUTO_INCREMENT for table `ttestimoni`
--
ALTER TABLE `ttestimoni`
  MODIFY `kd_bt` int(10) NOT NULL AUTO_INCREMENT,AUTO_INCREMENT=5;
--
-- AUTO_INCREMENT for table `tunsur`
--
ALTER TABLE `tunsur`
  MODIFY `id_unsur` int(11) NOT NULL AUTO_INCREMENT;
/*!40101 SET CHARACTER_SET_CLIENT=@OLD_CHARACTER_SET_CLIENT */;
/*!40101 SET CHARACTER_SET_RESULTS=@OLD_CHARACTER_SET_RESULTS */;
/*!40101 SET COLLATION_CONNECTION=@OLD_COLLATION_CONNECTION */;
